eenheid_id;bouwnummer;building;apt_type;apt_index;ruimte_id;ifc_guid;naam;soort_code;soort_naam;detail_soort_code;detail_soort_naam;oppervlakte_m2;inhoud_m3;hoogte_mm;verwarmd;verkoeld;afsluitbaar;bouwlaag;sanitair;aanrecht_lengte_mm;gedeeld_met_aantal
3004591;5;B3;hoek;0;0.07.2791;3CW2OTUQH5nOxnBihfaBlC;woonkamer / keuken;VTK;Vertrek;WOO;Woonkamer;28.03;68.35;2438.0;ja;nee;ja;;;2100;
3004591;5;B3;hoek;0;0.07.2792;2RKwsyxeXBEPvuFHMBQYik;slaapkamer 1;VTK;Vertrek;SLA;Slaapkamer;6.22;15.18;2438.0;ja;nee;ja;;;;
3004591;5;B3;hoek;0;0.07.2793;19NicYywDB7vznlMpbMSOj;slaapkamer 2;VTK;Vertrek;SLA;Slaapkamer;10.81;26.35;2438.0;ja;nee;ja;;;;
3004591;5;B3;hoek;0;0.07.2794;0APm2asvn2uBZunTtuEey$;entree;VRK;Verkeersruimte;HAL;Hal;10.58;25.79;2438.0;nee;nee;nee;;;;
3004591;5;B3;hoek;0;0.07.2795;1S09WgVTnA1BvT3_qh4Qt0;badkamer;VTK;Vertrek;BAD;Badruimte;5.09;12.41;2438.0;ja;nee;ja;;DOU,WAS;;
3004591;5;B3;hoek;0;0.07.2796;3LqYfUFzjAK99L0d5kT19H;technische ruimte;OVR;Overige ruimtes;TEC;Technische ruimte;4.13;10.06;2438.0;nee;nee;nee;;;;
3004592;6;B3;hoek;1;0.07.2797;3CW9f5u_f33vWgIs6DiObt;woonkamer / keuken;VTK;Vertrek;WOO;Woonkamer;27.89;68.0;2438.0;ja;nee;ja;;;2100;
3004592;6;B3;hoek;1;0.07.2798;1LtJGlddjFq9r46o8L6aA6;slaapkamer 2;VTK;Vertrek;SLA;Slaapkamer;6.21;15.14;2438.0;ja;nee;ja;;;;
3004592;6;B3;hoek;1;0.07.2799;1HmOnd92rETByvUGu$xBvp;slaapkamer 1;VTK;Vertrek;SLA;Slaapkamer;11.18;27.25;2438.0;ja;nee;ja;;;;
3004592;6;B3;hoek;1;0.07.2800;0xpUyZIIf2Iv8EDOLcDnNR;entree;VRK;Verkeersruimte;HAL;Hal;10.36;25.25;2438.0;nee;nee;nee;;;;
3004592;6;B3;hoek;1;0.07.2801;26bvHdCB999P1dTV1tMtgX;badkamer;VTK;Vertrek;BAD;Badruimte;5.09;12.41;2438.0;ja;nee;ja;;DOU,WAS;;
3004592;6;B3;hoek;1;0.07.2802;27Nwr6la57X8aFcGs$573l;technische ruimte;OVR;Overige ruimtes;TEC;Technische ruimte;4.13;10.06;2438.0;nee;nee;nee;;;;
3004600;14;B3;hoek;2;0.07.2803;2iWA$kT3TCLQLeDObCggWm;woonkamer / keuken;VTK;Vertrek;WOO;Woonkamer;28.03;68.35;2438.0;ja;nee;ja;;;2100;
3004600;14;B3;hoek;2;0.07.2804;1NcTKIzeL8XggrgtDGT_4r;slaapkamer 1;VTK;Vertrek;SLA;Slaapkamer;6.22;15.18;2438.0;ja;nee;ja;;;;
3004600;14;B3;hoek;2;0.07.2805;2iuJbMCEP1sxeTW2G_edGu;slaapkamer 2;VTK;Vertrek;SLA;Slaapkamer;10.81;26.35;2438.0;ja;nee;ja;;;;
3004600;14;B3;hoek;2;0.07.2806;3sYxyLWf1BPxVuGqrC1kp$;entree;VRK;Verkeersruimte;HAL;Hal;10.58;25.79;2438.0;nee;nee;nee;;;;
3004600;14;B3;hoek;2;0.07.2807;39Xr5D_$H3uu_fN1BMDbGr;badkamer;VTK;Vertrek;BAD;Badruimte;5.09;12.41;2438.0;ja;nee;ja;;DOU,WAS;;
3004600;14;B3;hoek;2;0.07.2808;3aI04s89X0rQajsQQUujSf;technische ruimte;OVR;Overige ruimtes;TEC;Technische ruimte;4.13;10.06;2438.0;nee;nee;nee;;;;
3004587;1;B3;std;3;0.07.2809;1245wJEtD0Z8JZkQgzd7Xa;slaapkamer 2;VTK;Vertrek;SLA;Slaapkamer;5.97;14.57;2438.0;ja;nee;ja;;;;
3004587;1;B3;std;3;0.07.2810;2lJpFTOJDEoRDLG6sBMGcW;slaapkamer 1;VTK;Vertrek;SLA;Slaapkamer;11.16;27.2;2438.0;ja;nee;ja;;;;
3004587;1;B3;std;3;0.07.2811;0zkXgn0PbEABkAsxeQG9fd;hal;VRK;Verkeersruimte;HAL;Hal;6.97;17.0;2438.0;ja;nee;nee;;;;
3004587;1;B3;std;3;0.07.2812;2IXdEM75T9YumuzKMAt9pb;MK warm;OVR;Overige ruimtes;MET;Meterruimte;0.28;0.69;2438.0;nee;nee;nee;;;;
3004587;1;B3;std;3;0.07.2813;22Dr0idx91C95a5V$lnjbU;MK koud;OVR;Overige ruimtes;MET;Meterruimte;0.28;0.69;2438.0;nee;nee;nee;;;;
3004587;1;B3;std;3;0.07.2814;15rqSRVaj9P9emZS19tzVx;berging/techniek;OVR;Overige ruimtes;BER;Berging;4.54;11.06;2438.0;nee;nee;nee;;;;
3004587;1;B3;std;3;0.07.2815;0wwBh9r4v8qw6u31MMZAvq;woonkamer / keuken;VTK;Vertrek;WOO;Woonkamer;27.37;66.75;2438.0;ja;nee;ja;;;2100;
3004587;1;B3;std;3;0.07.2816;0VMaCx7jnAjAeuGr_zJZ5U;badkamer/toilet;VTK;Vertrek;BAD;Badruimte;6.04;14.73;2438.0;ja;nee;ja;;DOU,WAS,CLO;;
3004588;2;B3;std;4;0.07.2817;0doATbI$L379j2gNe4R919;slaapkamer 2;VTK;Vertrek;SLA;Slaapkamer;5.97;14.57;2438.0;ja;nee;ja;;;;
3004588;2;B3;std;4;0.07.2818;0Sj_F$XKnEBRPhPaHy8r_b;slaapkamer 1;VTK;Vertrek;SLA;Slaapkamer;11.16;27.2;2438.0;ja;nee;ja;;;;
3004588;2;B3;std;4;0.07.2819;2WcCHQMyPBAPHL2T9QuRdp;hal;VRK;Verkeersruimte;HAL;Hal;6.97;17.0;2438.0;ja;nee;nee;;;;
3004588;2;B3;std;4;0.07.2820;2PUnBEbMrCqfvfOM_Vd9Aj;MK warm;OVR;Overige ruimtes;MET;Meterruimte;0.28;0.69;2438.0;nee;nee;nee;;;;
3004588;2;B3;std;4;0.07.2821;3qQPy77JT5G8MbMwSW2vqs;MK koud;OVR;Overige ruimtes;MET;Meterruimte;0.28;0.69;2438.0;nee;nee;nee;;;;
3004588;2;B3;std;4;0.07.2822;2NoT1cJn12D9d3vdHMLT7c;berging/techniek;OVR;Overige ruimtes;BER;Berging;4.54;11.06;2438.0;nee;nee;nee;;;;
3004588;2;B3;std;4;0.07.2823;2EalfiyVD42eHsPXB1zmt3;woonkamer / keuken;VTK;Vertrek;WOO;Woonkamer;27.0;65.84;2438.0;ja;nee;ja;;;2100;
3004588;2;B3;std;4;0.07.2824;13flHdW51BEPYUmAcqTUaM;badkamer/toilet;VTK;Vertrek;BAD;Badruimte;6.04;14.73;2438.0;ja;nee;ja;;DOU,WAS,CLO;;
3004589;3;B3;std;5;0.07.2825;3pi07BXeD48gGxpHl9liKC;slaapkamer 2;VTK;Vertrek;SLA;Slaapkamer;5.97;14.57;2438.0;ja;nee;ja;;;;
3004589;3;B3;std;5;0.07.2826;0DfyZ_XzfDsP_k7tmlpMkY;slaapkamer 1;VTK;Vertrek;SLA;Slaapkamer;11.16;27.2;2438.0;ja;nee;ja;;;;
3004589;3;B3;std;5;0.07.2827;3Ts0ANRejEUAMzJKxibiZ1;hal;VRK;Verkeersruimte;HAL;Hal;6.97;17.0;2438.0;ja;nee;nee;;;;
3004589;3;B3;std;5;0.07.2828;28rfAnAHXB_Qa_sMKpF9xR;MK warm;OVR;Overige ruimtes;MET;Meterruimte;0.28;0.69;2438.0;nee;nee;nee;;;;
3004589;3;B3;std;5;0.07.2829;3cyT66BQzFuhLbvgfKT5Lp;MK koud;OVR;Overige ruimtes;MET;Meterruimte;0.28;0.69;2438.0;nee;nee;nee;;;;
3004589;3;B3;std;5;0.07.2830;0v6mYgQAT4FxSlMA0GrPwo;berging/techniek;OVR;Overige ruimtes;BER;Berging;4.54;11.06;2438.0;nee;nee;nee;;;;
3004589;3;B3;std;5;0.07.2831;3$G278HfP0Ah9gHFnjqM8h;woonkamer / keuken;VTK;Vertrek;WOO;Woonkamer;27.0;65.84;2438.0;ja;nee;ja;;;2100;
3004589;3;B3;std;5;0.07.2832;1iWNE$KVz9NQei_35_2BCz;badkamer/toilet;VTK;Vertrek;BAD;Badruimte;6.04;14.73;2438.0;ja;nee;ja;;DOU,WAS,CLO;;
3004590;4;B3;std;6;0.07.2833;3C9P$nPoT7cfjDZWa5eHTB;slaapkamer 2;VTK;Vertrek;SLA;Slaapkamer;5.97;14.57;2438.0;ja;nee;ja;;;;
3004590;4;B3;std;6;0.07.2834;3i3_735D51PPAjzp6lK7ok;slaapkamer 1;VTK;Vertrek;SLA;Slaapkamer;11.16;27.2;2438.0;ja;nee;ja;;;;
3004590;4;B3;std;6;0.07.2835;2_nTN2BIjEwPPpzsuPLYUN;hal;VRK;Verkeersruimte;HAL;Hal;6.97;17.0;2438.0;ja;nee;nee;;;;
3004590;4;B3;std;6;0.07.2836;2Ignne8jL9B9teYLIS0ulk;MK warm;OVR;Overige ruimtes;MET;Meterruimte;0.28;0.69;2438.0;nee;nee;nee;;;;
3004590;4;B3;std;6;0.07.2837;1HJnl3BlL73e3ozlEwxbN8;MK koud;OVR;Overige ruimtes;MET;Meterruimte;0.28;0.69;2438.0;nee;nee;nee;;;;
3004590;4;B3;std;6;0.07.2838;1fgvxm8sbEmed5DynXxkTg;berging/techniek;OVR;Overige ruimtes;BER;Berging;4.54;11.06;2438.0;nee;nee;nee;;;;
3004590;4;B3;std;6;0.07.2839;3zAnsgh3L4t999UJlDzLp8;woonkamer / keuken;VTK;Vertrek;WOO;Woonkamer;27.0;65.84;2438.0;ja;nee;ja;;;2100;
3004590;4;B3;std;6;0.07.2840;1YevSlLQzFNQ74ZHh1h$DK;badkamer/toilet;VTK;Vertrek;BAD;Badruimte;6.04;14.73;2438.0;ja;nee;ja;;DOU,WAS,CLO;;
3004593;7;B3;std;7;0.07.2841;0AUGmSyKT9ZxbJ7hkNtEWp;slaapkamer 2;VTK;Vertrek;SLA;Slaapkamer;5.97;14.57;2438.0;ja;nee;ja;;;;
3004593;7;B3;std;7;0.07.2842;0laXTJh6f2XwSUA2evp3Oq;slaapkamer 1;VTK;Vertrek;SLA;Slaapkamer;11.16;27.2;2438.0;ja;nee;ja;;;;
3004593;7;B3;std;7;0.07.2843;1lhwXguHj90vqUo0M5NtOk;hal;VRK;Verkeersruimte;HAL;Hal;6.97;17.0;2438.0;ja;nee;nee;;;;
3004593;7;B3;std;7;0.07.2844;33Gc9NL813eBJk5YRtjNvs;MK warm;OVR;Overige ruimtes;MET;Meterruimte;0.28;0.69;2438.0;nee;nee;nee;;;;
3004593;7;B3;std;7;0.07.2845;2Nh8yMFZf1ROomTsIMBVFl;MK koud;OVR;Overige ruimtes;MET;Meterruimte;0.28;0.69;2438.0;nee;nee;nee;;;;
3004593;7;B3;std;7;0.07.2846;1P6XfITm96AOW2AFJ3Ycu0;berging/techniek;OVR;Overige ruimtes;BER;Berging;4.54;11.06;2438.0;nee;nee;nee;;;;
3004593;7;B3;std;7;0.07.2847;19hbse9Cr5Jh4Z_FUzKGYS;woonkamer / keuken;VTK;Vertrek;WOO;Woonkamer;27.37;66.75;2438.0;ja;nee;ja;;;2100;
3004593;7;B3;std;7;0.07.2848;0my$aspFnESQ5gDhf9$gK$;badkamer/toilet;VTK;Vertrek;BAD;Badruimte;6.04;14.73;2438.0;ja;nee;ja;;DOU,WAS,CLO;;
3004594;8;B3;std;8;0.07.2849;3HngjCqoz4O98R6JVQkKDS;slaapkamer 2;VTK;Vertrek;SLA;Slaapkamer;5.97;14.57;2438.0;ja;nee;ja;;;;
3004594;8;B3;std;8;0.07.2850;3Sxdph6QbCkeLyOuH9sLxD;slaapkamer 1;VTK;Vertrek;SLA;Slaapkamer;11.16;27.2;2438.0;ja;nee;ja;;;;
3004594;8;B3;std;8;0.07.2851;3B3y5fLbzErv_Q4Mt6viNo;hal;VRK;Verkeersruimte;HAL;Hal;6.97;17.0;2438.0;ja;nee;nee;;;;
3004594;8;B3;std;8;0.07.2852;3YkHdLaaH3P9ui_HREw_6i;MK warm;OVR;Overige ruimtes;MET;Meterruimte;0.28;0.69;2438.0;nee;nee;nee;;;;
3004594;8;B3;std;8;0.07.2853;03OdHTs6jD4ffaqRaB5Ogw;MK koud;OVR;Overige ruimtes;MET;Meterruimte;0.28;0.69;2438.0;nee;nee;nee;;;;
3004594;8;B3;std;8;0.07.2854;3eSuaCmpT4munVaBlfsHNb;berging/techniek;OVR;Overige ruimtes;BER;Berging;4.54;11.06;2438.0;nee;nee;nee;;;;
3004594;8;B3;std;8;0.07.2855;20oLAH21H7Xwdc2KPeY5lz;woonkamer / keuken;VTK;Vertrek;WOO;Woonkamer;27.0;65.84;2438.0;ja;nee;ja;;;2100;
3004594;8;B3;std;8;0.07.2856;2dy7BpSWz8N8kM0Jb85$$c;badkamer/toilet;VTK;Vertrek;BAD;Badruimte;6.04;14.73;2438.0;ja;nee;ja;;DOU,WAS,CLO;;
3004595;9;B3;std;9;0.07.2857;1uLC_Z8257kA2lfMNTQ_Yi;slaapkamer 2;VTK;Vertrek;SLA;Slaapkamer;5.97;14.57;2438.0;ja;nee;ja;;;;
3004595;9;B3;std;9;0.07.2858;38aKjwxAH7eg5T23OKFGxG;slaapkamer 1;VTK;Vertrek;SLA;Slaapkamer;11.16;27.2;2438.0;ja;nee;ja;;;;
3004595;9;B3;std;9;0.07.2859;2Azqjj77XCpAsfps_w2vbz;hal;VRK;Verkeersruimte;HAL;Hal;6.97;17.0;2438.0;ja;nee;nee;;;;
3004595;9;B3;std;9;0.07.2860;3_Z7L1txz9O9PFIXQUxMgD;MK warm;OVR;Overige ruimtes;MET;Meterruimte;0.28;0.69;2438.0;nee;nee;nee;;;;
3004595;9;B3;std;9;0.07.2861;3VQOZJHN55kBs$bWpa7UX4;MK koud;OVR;Overige ruimtes;MET;Meterruimte;0.28;0.69;2438.0;nee;nee;nee;;;;
3004595;9;B3;std;9;0.07.2862;2r_m7re0r7Ouht5P2KLl0L;berging/techniek;OVR;Overige ruimtes;BER;Berging;4.54;11.06;2438.0;nee;nee;nee;;;;
3004595;9;B3;std;9;0.07.2863;0CiQLgKWH36w4QCA01_O0y;woonkamer / keuken;VTK;Vertrek;WOO;Woonkamer;27.0;65.84;2438.0;ja;nee;ja;;;2100;
3004595;9;B3;std;9;0.07.2864;3hwIRkY2561Ok4hR8oGVFw;badkamer/toilet;VTK;Vertrek;BAD;Badruimte;6.04;14.73;2438.0;ja;nee;ja;;DOU,WAS,CLO;;
3004596;10;B3;std;10;0.07.2865;2sJJV73$T2vQdd5B8jwLdg;slaapkamer 2;VTK;Vertrek;SLA;Slaapkamer;5.97;14.57;2438.0;ja;nee;ja;;;;
3004596;10;B3;std;10;0.07.2866;0OftZxLkP3qf6DkIgT6Nsg;slaapkamer 1;VTK;Vertrek;SLA;Slaapkamer;11.16;27.2;2438.0;ja;nee;ja;;;;
3004596;10;B3;std;10;0.07.2867;24n6CgHaHFxgPNjzhdPctN;hal;VRK;Verkeersruimte;HAL;Hal;6.97;17.0;2438.0;ja;nee;nee;;;;
3004596;10;B3;std;10;0.07.2868;3Hfv2_obLCbAUk000EVDEH;MK warm;OVR;Overige ruimtes;MET;Meterruimte;0.28;0.69;2438.0;nee;nee;nee;;;;
3004596;10;B3;std;10;0.07.2869;0u7SqvzwHDuR5asdmR4jzE;MK koud;OVR;Overige ruimtes;MET;Meterruimte;0.28;0.69;2438.0;nee;nee;nee;;;;
3004596;10;B3;std;10;0.07.2870;0ba53NL0XEI8_R8Fnrk$ds;berging/techniek;OVR;Overige ruimtes;BER;Berging;4.54;11.06;2438.0;nee;nee;nee;;;;
3004596;10;B3;std;10;0.07.2871;0hanI8w4P5IflOzJZtopzi;woonkamer / keuken;VTK;Vertrek;WOO;Woonkamer;27.0;65.84;2438.0;ja;nee;ja;;;2100;
3004596;10;B3;std;10;0.07.2872;19k1Hty_bENh6B_qevJOYp;badkamer/toilet;VTK;Vertrek;BAD;Badruimte;6.04;14.73;2438.0;ja;nee;ja;;DOU,WAS,CLO;;
3004597;11;B3;std;11;0.07.2873;0OBNZ5YnrAeOSz8FLhjfi3;slaapkamer 2;VTK;Vertrek;SLA;Slaapkamer;5.97;14.57;2438.0;ja;nee;ja;;;;
3004597;11;B3;std;11;0.07.2874;30HSzzzVj3M8OanZ85vE_M;slaapkamer 1;VTK;Vertrek;SLA;Slaapkamer;11.16;27.2;2438.0;ja;nee;ja;;;;
3004597;11;B3;std;11;0.07.2875;1XIth8xfnBdQneyc$lfy5M;hal;VRK;Verkeersruimte;HAL;Hal;6.97;17.0;2438.0;ja;nee;nee;;;;
3004597;11;B3;std;11;0.07.2876;1qCJ0_BSX6J8OIrOOwG_3G;MK warm;OVR;Overige ruimtes;MET;Meterruimte;0.28;0.69;2438.0;nee;nee;nee;;;;
3004597;11;B3;std;11;0.07.2877;2d8MDct7DDsfeGsMNgyti9;MK koud;OVR;Overige ruimtes;MET;Meterruimte;0.28;0.69;2438.0;nee;nee;nee;;;;
3004597;11;B3;std;11;0.07.2878;3Bf52JJSb6YRADXAyCHH43;berging/techniek;OVR;Overige ruimtes;BER;Berging;4.54;11.06;2438.0;nee;nee;nee;;;;
3004597;11;B3;std;11;0.07.2879;1hIVRKiLb0nPL$oC6hX7Ad;woonkamer / keuken;VTK;Vertrek;WOO;Woonkamer;27.0;65.84;2438.0;ja;nee;ja;;;2100;
3004597;11;B3;std;11;0.07.2880;2bzWJJl5n258rcj_ldG6eC;badkamer/toilet;VTK;Vertrek;BAD;Badruimte;6.04;14.73;2438.0;ja;nee;ja;;DOU,WAS,CLO;;
3004598;12;B3;std;12;0.07.2881;1VTsSs181FBPPxdJ6nJES_;slaapkamer 2;VTK;Vertrek;SLA;Slaapkamer;5.97;14.57;2438.0;ja;nee;ja;;;;
3004598;12;B3;std;12;0.07.2882;2H_m5fcjL9lwhfVbms8pls;slaapkamer 1;VTK;Vertrek;SLA;Slaapkamer;11.16;27.2;2438.0;ja;nee;ja;;;;
3004598;12;B3;std;12;0.07.2883;3ts7w$g21B3wK_CvVfRZyb;hal;VRK;Verkeersruimte;HAL;Hal;6.97;17.0;2438.0;ja;nee;nee;;;;
3004598;12;B3;std;12;0.07.2884;1gepI4CYv0kQ$K83aF59p_;MK warm;OVR;Overige ruimtes;MET;Meterruimte;0.28;0.69;2438.0;nee;nee;nee;;;;
3004598;12;B3;std;12;0.07.2885;3mpmhTdiP0iuUwHFegswFD;MK koud;OVR;Overige ruimtes;MET;Meterruimte;0.28;0.69;2438.0;nee;nee;nee;;;;
3004598;12;B3;std;12;0.07.2886;1Ls4iZB3HFUgVBcQomVHb6;berging/techniek;OVR;Overige ruimtes;BER;Berging;4.54;11.06;2438.0;nee;nee;nee;;;;
3004598;12;B3;std;12;0.07.2887;0lw6N4gU55_eX1kuxaluZD;woonkamer / keuken;VTK;Vertrek;WOO;Woonkamer;27.0;65.84;2438.0;ja;nee;ja;;;2100;
3004598;12;B3;std;12;0.07.2888;1DN2kPycL8Ixk6$ip0qL_G;badkamer/toilet;VTK;Vertrek;BAD;Badruimte;6.04;14.73;2438.0;ja;nee;ja;;DOU,WAS,CLO;;
3004599;13;B3;std;13;0.07.2889;34LEVTI7v4Bvj6JEN8PwX2;slaapkamer 2;VTK;Vertrek;SLA;Slaapkamer;5.97;14.57;2438.0;ja;nee;ja;;;;
3004599;13;B3;std;13;0.07.2890;0orckwjcz8qv14JcmPcdMd;slaapkamer 1;VTK;Vertrek;SLA;Slaapkamer;11.16;27.2;2438.0;ja;nee;ja;;;;
3004599;13;B3;std;13;0.07.2891;3Xu$LFVX51YQzN7qDsTDrF;hal;VRK;Verkeersruimte;HAL;Hal;6.97;17.0;2438.0;ja;nee;nee;;;;
3004599;13;B3;std;13;0.07.2892;07ek4BXKfCWPl98SV76RM5;MK warm;OVR;Overige ruimtes;MET;Meterruimte;0.28;0.69;2438.0;nee;nee;nee;;;;
3004599;13;B3;std;13;0.07.2893;1sBt0bi3j5XvM7GzlRaGRl;MK koud;OVR;Overige ruimtes;MET;Meterruimte;0.28;0.69;2438.0;nee;nee;nee;;;;
3004599;13;B3;std;13;0.07.2894;05kBdXPkf67O9mW15mIUye;berging/techniek;OVR;Overige ruimtes;BER;Berging;4.54;11.06;2438.0;nee;nee;nee;;;;
3004599;13;B3;std;13;0.07.2895;0N2SMWj6n5YOdta4Urg7wI;woonkamer / keuken;VTK;Vertrek;WOO;Woonkamer;27.37;66.75;2438.0;ja;nee;ja;;;2100;
3004599;13;B3;std;13;0.07.2896;0MJCplv7PD6ucgqDulJoFx;badkamer/toilet;VTK;Vertrek;BAD;Badruimte;6.04;14.73;2438.0;ja;nee;ja;;DOU,WAS,CLO;;
3004602;16;B3;std;14;0.07.2897;1f7AOEPM5EgPg$_$Gch34e;slaapkamer 2;VTK;Vertrek;SLA;Slaapkamer;5.97;14.57;2438.0;ja;nee;ja;;;;
3004602;16;B3;std;14;0.07.2898;3JWW4cY3bDM892tLLL4Noh;slaapkamer 1;VTK;Vertrek;SLA;Slaapkamer;11.16;27.2;2438.0;ja;nee;ja;;;;
3004602;16;B3;std;14;0.07.2899;2g$jZ4_ir7qAH2PtAs7UXo;hal;VRK;Verkeersruimte;HAL;Hal;6.97;17.0;2438.0;ja;nee;nee;;;;
3004602;16;B3;std;14;0.07.2900;3iJQiYcvH5P9YTeIS$Qz1V;MK warm;OVR;Overige ruimtes;MET;Meterruimte;0.28;0.69;2438.0;nee;nee;nee;;;;
3004602;16;B3;std;14;0.07.2901;3$Om$7Uu99xPeZvdmAewej;MK koud;OVR;Overige ruimtes;MET;Meterruimte;0.28;0.69;2438.0;nee;nee;nee;;;;
3004602;16;B3;std;14;0.07.2902;10ab_nSgv46uehFM$g9sU_;berging/techniek;OVR;Overige ruimtes;BER;Berging;4.54;11.06;2438.0;nee;nee;nee;;;;
3004602;16;B3;std;14;0.07.2903;0rEJNWUwDA9hYZv61fXF1F;woonkamer / keuken;VTK;Vertrek;WOO;Woonkamer;27.0;65.84;2438.0;ja;nee;ja;;;2100;
3004602;16;B3;std;14;0.07.2904;0ye7sUfj92rw5v6Gg662pS;badkamer/toilet;VTK;Vertrek;BAD;Badruimte;6.04;14.73;2438.0;ja;nee;ja;;DOU,WAS,CLO;;
3004603;17;B3;std;15;0.07.2905;3CUMOrdAP1tv3J36SwT6bi;slaapkamer 2;VTK;Vertrek;SLA;Slaapkamer;5.97;14.57;2438.0;ja;nee;ja;;;;
3004603;17;B3;std;15;0.07.2906;0sBEB6mhnATOgHIVi18rfw;slaapkamer 1;VTK;Vertrek;SLA;Slaapkamer;11.16;27.2;2438.0;ja;nee;ja;;;;
3004603;17;B3;std;15;0.07.2907;0PTiJAlBD589tzW_JKym2g;hal;VRK;Verkeersruimte;HAL;Hal;6.97;17.0;2438.0;ja;nee;nee;;;;
3004603;17;B3;std;15;0.07.2908;01s1Fu3JH9B9KyPI3I4fNL;MK warm;OVR;Overige ruimtes;MET;Meterruimte;0.28;0.69;2438.0;nee;nee;nee;;;;
3004603;17;B3;std;15;0.07.2909;2yPs8RHzX7Vfj8EdJasNQQ;MK koud;OVR;Overige ruimtes;MET;Meterruimte;0.28;0.69;2438.0;nee;nee;nee;;;;
3004603;17;B3;std;15;0.07.2910;2Y1T_AHOf0_Qmts8n_MYMA;berging/techniek;OVR;Overige ruimtes;BER;Berging;4.54;11.06;2438.0;nee;nee;nee;;;;
3004603;17;B3;std;15;0.07.2911;1gYua92dr1JOu3m2Ghacmn;woonkamer / keuken;VTK;Vertrek;WOO;Woonkamer;27.0;65.84;2438.0;ja;nee;ja;;;2100;
3004603;17;B3;std;15;0.07.2912;2cIbvWMUjAFuCtug7kVzNg;badkamer/toilet;VTK;Vertrek;BAD;Badruimte;6.04;14.73;2438.0;ja;nee;ja;;DOU,WAS,CLO;;
3004604;18;B3;std;16;0.07.2913;0bwEu$6WbEj9dXirakqkXA;slaapkamer 2;VTK;Vertrek;SLA;Slaapkamer;5.97;14.57;2438.0;ja;nee;ja;;;;
3004604;18;B3;std;16;0.07.2914;1LgIVKT11B2epHW5kFyd7w;slaapkamer 1;VTK;Vertrek;SLA;Slaapkamer;11.16;27.2;2438.0;ja;nee;ja;;;;
3004604;18;B3;std;16;0.07.2915;1H$bSAmPDDZB7jqiQFysWw;hal;VRK;Verkeersruimte;HAL;Hal;6.97;17.0;2438.0;ja;nee;nee;;;;
3004604;18;B3;std;16;0.07.2916;13MSq9l0n6BRLIDz4x75GA;MK warm;OVR;Overige ruimtes;MET;Meterruimte;0.28;0.69;2438.0;nee;nee;nee;;;;
3004604;18;B3;std;16;0.07.2917;1mdl7st7D83Bw0GOFnsrRA;MK koud;OVR;Overige ruimtes;MET;Meterruimte;0.28;0.69;2438.0;nee;nee;nee;;;;
3004604;18;B3;std;16;0.07.2918;1lkwCz1xD7tucxwHQnZqR4;berging/techniek;OVR;Overige ruimtes;BER;Berging;4.54;11.06;2438.0;nee;nee;nee;;;;
3004604;18;B3;std;16;0.07.2919;1IacTzqLr6p8CLUmKiCJYx;woonkamer / keuken;VTK;Vertrek;WOO;Woonkamer;27.0;65.84;2438.0;ja;nee;ja;;;2100;
3004604;18;B3;std;16;0.07.2920;0yi_UeUPb0Rf31hTVaUmqf;badkamer/toilet;VTK;Vertrek;BAD;Badruimte;6.04;14.73;2438.0;ja;nee;ja;;DOU,WAS,CLO;;
3004605;19;B3;std;17;0.07.2921;0WK2ch859EfQIiVPkZ1rVd;slaapkamer 2;VTK;Vertrek;SLA;Slaapkamer;5.97;14.57;2438.0;ja;nee;ja;;;;
3004605;19;B3;std;17;0.07.2922;1QkRUspC527wTNywpn_VV5;slaapkamer 1;VTK;Vertrek;SLA;Slaapkamer;11.16;27.2;2438.0;ja;nee;ja;;;;
3004605;19;B3;std;17;0.07.2923;3hVp3lZr99MBfj13SE1nsW;hal;VRK;Verkeersruimte;HAL;Hal;6.97;17.0;2438.0;ja;nee;nee;;;;
3004605;19;B3;std;17;0.07.2924;2lIZHMD4vCkgVBNGJP2bzs;MK warm;OVR;Overige ruimtes;MET;Meterruimte;0.28;0.69;2438.0;nee;nee;nee;;;;
3004605;19;B3;std;17;0.07.2925;3X4HU12P95LP5ZtPf2pB_i;MK koud;OVR;Overige ruimtes;MET;Meterruimte;0.28;0.69;2438.0;nee;nee;nee;;;;
3004605;19;B3;std;17;0.07.2926;3TzKLTHQTC5BBL80GKiXhZ;berging/techniek;OVR;Overige ruimtes;BER;Berging;4.54;11.06;2438.0;nee;nee;nee;;;;
3004605;19;B3;std;17;0.07.2927;2PDpkTtx1Fk8lNbGLBS_xL;woonkamer / keuken;VTK;Vertrek;WOO;Woonkamer;27.37;66.75;2438.0;ja;nee;ja;;;2100;
3004605;19;B3;std;17;0.07.2928;0hCDlWc1n349rlRvWYjVHl;badkamer/toilet;VTK;Vertrek;BAD;Badruimte;6.04;14.73;2438.0;ja;nee;ja;;DOU,WAS,CLO;;
3004606;20;B3;std;18;0.07.2929;3hODPkTUjDDOMnL8Tr8mNm;slaapkamer 2;VTK;Vertrek;SLA;Slaapkamer;5.97;14.57;2438.0;ja;nee;ja;;;;
3004606;20;B3;std;18;0.07.2930;3diTeUt3b4CvhCGPbEOWLy;slaapkamer 1;VTK;Vertrek;SLA;Slaapkamer;11.16;27.2;2438.0;ja;nee;ja;;;;
3004606;20;B3;std;18;0.07.2931;3htcWoFQr4f96wJZo_9gLe;hal;VRK;Verkeersruimte;HAL;Hal;6.97;17.0;2438.0;ja;nee;nee;;;;
3004606;20;B3;std;18;0.07.2932;1HaVnfm1r1ZekFbdSS$BB3;MK warm;OVR;Overige ruimtes;MET;Meterruimte;0.28;0.69;2438.0;nee;nee;nee;;;;
3004606;20;B3;std;18;0.07.2933;2Wzh6oHaTAKeusnjzOkt99;MK koud;OVR;Overige ruimtes;MET;Meterruimte;0.28;0.69;2438.0;nee;nee;nee;;;;
3004606;20;B3;std;18;0.07.2934;2cqeYDW5rAZAbUbIZVg0vY;berging/techniek;OVR;Overige ruimtes;BER;Berging;4.54;11.06;2438.0;nee;nee;nee;;;;
3004606;20;B3;std;18;0.07.2935;2JScPbQJj7bP_gHk7pvHcM;woonkamer / keuken;VTK;Vertrek;WOO;Woonkamer;27.0;65.84;2438.0;ja;nee;ja;;;2100;
3004606;20;B3;std;18;0.07.2936;0M6tsh4119NgpMP1gQXYTI;badkamer/toilet;VTK;Vertrek;BAD;Badruimte;6.04;14.73;2438.0;ja;nee;ja;;DOU,WAS,CLO;;
3004607;21;B3;std;19;0.07.2937;3N_7IRh0TAefj3c8icWqt1;slaapkamer 2;VTK;Vertrek;SLA;Slaapkamer;5.97;14.57;2438.0;ja;nee;ja;;;;
3004607;21;B3;std;19;0.07.2938;3bGp6KHSL3LPA885FPbK1n;slaapkamer 1;VTK;Vertrek;SLA;Slaapkamer;11.16;27.2;2438.0;ja;nee;ja;;;;
3004607;21;B3;std;19;0.07.2939;1Pwp7sX2z7jPqYP0AQ6f5Q;hal;VRK;Verkeersruimte;HAL;Hal;6.97;17.0;2438.0;ja;nee;nee;;;;
3004607;21;B3;std;19;0.07.2940;3o7NMow1vDNvLfBKQ8qVuz;MK warm;OVR;Overige ruimtes;MET;Meterruimte;0.28;0.69;2438.0;nee;nee;nee;;;;
3004607;21;B3;std;19;0.07.2941;02zyG__o12WgbSIPz7sbR5;MK koud;OVR;Overige ruimtes;MET;Meterruimte;0.28;0.69;2438.0;nee;nee;nee;;;;
3004607;21;B3;std;19;0.07.2942;3UbOk73tjFdwmLcUCMXJO1;berging/techniek;OVR;Overige ruimtes;BER;Berging;4.54;11.06;2438.0;nee;nee;nee;;;;
3004607;21;B3;std;19;0.07.2943;37BVc4uvz0_e49Q5_nbi7g;woonkamer / keuken;VTK;Vertrek;WOO;Woonkamer;27.0;65.84;2438.0;ja;nee;ja;;;2100;
3004607;21;B3;std;19;0.07.2944;24UPTyDmjAZf$Iii9pV8uy;badkamer/toilet;VTK;Vertrek;BAD;Badruimte;6.04;14.73;2438.0;ja;nee;ja;;DOU,WAS,CLO;;
3004608;22;B3;std;20;0.07.2945;0ZINrtJDv9W8ffJlCKtyI4;slaapkamer 2;VTK;Vertrek;SLA;Slaapkamer;5.97;14.57;2438.0;ja;nee;ja;;;;
3004608;22;B3;std;20;0.07.2946;2OE69GO_X04v0cOxZKU0Yp;slaapkamer 1;VTK;Vertrek;SLA;Slaapkamer;11.16;27.2;2438.0;ja;nee;ja;;;;
3004608;22;B3;std;20;0.07.2947;1E_ETy2iT0tRX_epOk8EJJ;hal;VRK;Verkeersruimte;HAL;Hal;6.97;17.0;2438.0;ja;nee;nee;;;;
3004608;22;B3;std;20;0.07.2948;0Hd1CwOw56AOKTYYC4s3sv;MK warm;OVR;Overige ruimtes;MET;Meterruimte;0.28;0.69;2438.0;nee;nee;nee;;;;
3004608;22;B3;std;20;0.07.2949;2H9ECD6Vj1gfPs$zO56Reh;MK koud;OVR;Overige ruimtes;MET;Meterruimte;0.28;0.69;2438.0;nee;nee;nee;;;;
3004608;22;B3;std;20;0.07.2950;3wVYBZSMTBbxMQjIj2P3Rs;berging/techniek;OVR;Overige ruimtes;BER;Berging;4.54;11.06;2438.0;nee;nee;nee;;;;
3004608;22;B3;std;20;0.07.2951;2ZxCz4hR92NP6dyX3SP6bk;woonkamer / keuken;VTK;Vertrek;WOO;Woonkamer;27.0;65.84;2438.0;ja;nee;ja;;;2100;
3004608;22;B3;std;20;0.07.2952;35t4UpzC58A8fXJxVJlfSk;badkamer/toilet;VTK;Vertrek;BAD;Badruimte;6.04;14.73;2438.0;ja;nee;ja;;DOU,WAS,CLO;;
3004611;25;B3;std;21;0.07.2953;3CVqnHJSj69h4AC2$Z_wwn;slaapkamer 2;VTK;Vertrek;SLA;Slaapkamer;5.97;14.57;2438.0;ja;nee;ja;;;;
3004611;25;B3;std;21;0.07.2954;0rX1TsAofC0f9jEROruArw;slaapkamer 1;VTK;Vertrek;SLA;Slaapkamer;11.16;27.2;2438.0;ja;nee;ja;;;;
3004611;25;B3;std;21;0.07.2955;3a5__Ixer6_PzTJ0qhBN91;hal;VRK;Verkeersruimte;HAL;Hal;6.97;17.0;2438.0;ja;nee;nee;;;;
3004611;25;B3;std;21;0.07.2956;2iPITxWNz2hvJ_kRc85QsJ;MK warm;OVR;Overige ruimtes;MET;Meterruimte;0.28;0.69;2438.0;nee;nee;nee;;;;
3004611;25;B3;std;21;0.07.2957;2Nc7yhCen49Oe6i5E05SZ_;MK koud;OVR;Overige ruimtes;MET;Meterruimte;0.28;0.69;2438.0;nee;nee;nee;;;;
3004611;25;B3;std;21;0.07.2958;2F$$wqbnL1Mv2FbJ7etJsz;berging/techniek;OVR;Overige ruimtes;BER;Berging;4.54;11.06;2438.0;nee;nee;nee;;;;
3004611;25;B3;std;21;0.07.2959;0qRlCQNY11ceMcnV$tNkRa;woonkamer / keuken;VTK;Vertrek;WOO;Woonkamer;27.0;65.84;2438.0;ja;nee;ja;;;2100;
3004611;25;B3;std;21;0.07.2960;3zXJ07Lm5Fqhj2FhJM5aB1;badkamer/toilet;VTK;Vertrek;BAD;Badruimte;6.04;14.73;2438.0;ja;nee;ja;;DOU,WAS,CLO;;
3004612;26;B3;std;22;0.07.2961;2fSq7lA2jEhfGdk92p2Tl8;slaapkamer 2;VTK;Vertrek;SLA;Slaapkamer;5.97;14.57;2438.0;ja;nee;ja;;;;
3004612;26;B3;std;22;0.07.2962;2p4c7P54rBSP7uIsCzsC1o;slaapkamer 1;VTK;Vertrek;SLA;Slaapkamer;11.16;27.2;2438.0;ja;nee;ja;;;;
3004612;26;B3;std;22;0.07.2963;3kTlCV3Sr4JAhx4ghPjwtj;hal;VRK;Verkeersruimte;HAL;Hal;6.97;17.0;2438.0;ja;nee;nee;;;;
3004612;26;B3;std;22;0.07.2964;1s00udjp17a9oXbV2SBK8V;MK warm;OVR;Overige ruimtes;MET;Meterruimte;0.28;0.69;2438.0;nee;nee;nee;;;;
3004612;26;B3;std;22;0.07.2965;3EjnVT4or8rg7oVyl_60Ez;MK koud;OVR;Overige ruimtes;MET;Meterruimte;0.28;0.69;2438.0;nee;nee;nee;;;;
3004612;26;B3;std;22;0.07.2966;0R9y7L32f898UNftX960jS;berging/techniek;OVR;Overige ruimtes;BER;Berging;4.54;11.06;2438.0;nee;nee;nee;;;;
3004612;26;B3;std;22;0.07.2967;1QpvKB44D0CAXwkWjObssg;woonkamer / keuken;VTK;Vertrek;WOO;Woonkamer;27.0;65.84;2438.0;ja;nee;ja;;;2100;
3004612;26;B3;std;22;0.07.2968;3q6OpMxXD6nxuNgkixw8bl;badkamer/toilet;VTK;Vertrek;BAD;Badruimte;6.04;14.73;2438.0;ja;nee;ja;;DOU,WAS,CLO;;
3004613;27;B3;std;23;0.07.2969;2__kNKAQj5B9KApcpOO1eH;slaapkamer 2;VTK;Vertrek;SLA;Slaapkamer;5.97;14.57;2438.0;ja;nee;ja;;;;
3004613;27;B3;std;23;0.07.2970;2om3Vp_rv1Nh__o08j13Tq;slaapkamer 1;VTK;Vertrek;SLA;Slaapkamer;11.16;27.2;2438.0;ja;nee;ja;;;;
3004613;27;B3;std;23;0.07.2971;19ccm2Dev8CO6Sqg1nG2kH;hal;VRK;Verkeersruimte;HAL;Hal;6.97;17.0;2438.0;ja;nee;nee;;;;
3004613;27;B3;std;23;0.07.2972;30I0JmJ$v6awTF6McRABSW;MK warm;OVR;Overige ruimtes;MET;Meterruimte;0.28;0.69;2438.0;nee;nee;nee;;;;
3004613;27;B3;std;23;0.07.2973;2LbcsLYc1ELwiEz42G_9H0;MK koud;OVR;Overige ruimtes;MET;Meterruimte;0.28;0.69;2438.0;nee;nee;nee;;;;
3004613;27;B3;std;23;0.07.2974;3XNmjJ2UH0dATTbfz0$raq;berging/techniek;OVR;Overige ruimtes;BER;Berging;4.54;11.06;2438.0;nee;nee;nee;;;;
3004613;27;B3;std;23;0.07.2975;3_g65_jF148hl5yBvRyxTi;woonkamer / keuken;VTK;Vertrek;WOO;Woonkamer;27.0;65.84;2438.0;ja;nee;ja;;;2100;
3004613;27;B3;std;23;0.07.2976;3LPzbOom9CSBOq5OyBBLaS;badkamer/toilet;VTK;Vertrek;BAD;Badruimte;6.04;14.73;2438.0;ja;nee;ja;;DOU,WAS,CLO;;
3004614;28;B3;std;24;0.07.2977;1skHVO5Qr8KvhX5eVFpKRk;slaapkamer 2;VTK;Vertrek;SLA;Slaapkamer;5.97;14.57;2438.0;ja;nee;ja;;;;
3004614;28;B3;std;24;0.07.2978;26QmeJfGL4ewx2ktFWo2UV;slaapkamer 1;VTK;Vertrek;SLA;Slaapkamer;11.15;27.2;2438.0;ja;nee;ja;;;;
3004614;28;B3;std;24;0.07.2979;1vJw8L99vDzx_f9SKQZAbY;hal;VRK;Verkeersruimte;HAL;Hal;6.97;17.0;2438.0;ja;nee;nee;;;;
3004614;28;B3;std;24;0.07.2980;3RCcOyB8vBAgRH7tBqb27M;MK warm;OVR;Overige ruimtes;MET;Meterruimte;0.28;0.69;2438.0;nee;nee;nee;;;;
3004614;28;B3;std;24;0.07.2981;04rWUNfOz4RQ4MdKDer8_a;MK koud;OVR;Overige ruimtes;MET;Meterruimte;0.28;0.69;2438.0;nee;nee;nee;;;;
3004614;28;B3;std;24;0.07.2982;0aGh4Q3pzFrABQkhjW9wsB;berging/techniek;OVR;Overige ruimtes;BER;Berging;4.54;11.06;2438.0;nee;nee;nee;;;;
3004614;28;B3;std;24;0.07.2983;0j03udy758ZxUqtmPWaEXu;woonkamer / keuken;VTK;Vertrek;WOO;Woonkamer;27.0;65.84;2438.0;ja;nee;ja;;;2100;
3004614;28;B3;std;24;0.07.2984;3VmMhVjeHE5fE7g_ojfhJb;badkamer/toilet;VTK;Vertrek;BAD;Badruimte;6.04;14.73;2438.0;ja;nee;ja;;DOU,WAS,CLO;;
3004615;29;B3;std;25;0.07.2985;3Q$QpYVaf20gQkii9w4qI$;slaapkamer 2;VTK;Vertrek;SLA;Slaapkamer;5.97;14.57;2438.0;ja;nee;ja;;;;
3004615;29;B3;std;25;0.07.2986;21UhXqduz25AUnJyXHHY96;slaapkamer 1;VTK;Vertrek;SLA;Slaapkamer;11.15;27.2;2438.0;ja;nee;ja;;;;
3004615;29;B3;std;25;0.07.2987;3FSCBKecnD98$RELK8_P01;hal;VRK;Verkeersruimte;HAL;Hal;6.97;17.0;2438.0;ja;nee;nee;;;;
3004615;29;B3;std;25;0.07.2988;3xCeBIvor2Yw9Tznc4jcSQ;MK warm;OVR;Overige ruimtes;MET;Meterruimte;0.28;0.69;2438.0;nee;nee;nee;;;;
3004615;29;B3;std;25;0.07.2989;3PCOFnH9f32AAy9pfwQ9Po;MK koud;OVR;Overige ruimtes;MET;Meterruimte;0.28;0.69;2438.0;nee;nee;nee;;;;
3004615;29;B3;std;25;0.07.2990;35irmLK$TADRdK$QW1tTPq;berging/techniek;OVR;Overige ruimtes;BER;Berging;4.54;11.06;2438.0;nee;nee;nee;;;;
3004615;29;B3;std;25;0.07.2991;2Ckn138GfARf95_4$zUgb0;woonkamer / keuken;VTK;Vertrek;WOO;Woonkamer;27.0;65.84;2438.0;ja;nee;ja;;;2100;
3004615;29;B3;std;25;0.07.2992;2ZiT1RZyfDaB610zw0tarz;badkamer/toilet;VTK;Vertrek;BAD;Badruimte;6.04;14.73;2438.0;ja;nee;ja;;DOU,WAS,CLO;;
3004616;30;B3;std;26;0.07.2993;38KvWviIH8aO3TYgbI_sSn;slaapkamer 2;VTK;Vertrek;SLA;Slaapkamer;5.97;14.57;2438.0;ja;nee;ja;;;;
3004616;30;B3;std;26;0.07.2994;11LsKdjLH9pv8f5VCWXVpF;slaapkamer 1;VTK;Vertrek;SLA;Slaapkamer;11.15;27.2;2438.0;ja;nee;ja;;;;
3004616;30;B3;std;26;0.07.2995;3$2uVSIG94ewqjc$rg1onO;hal;VRK;Verkeersruimte;HAL;Hal;6.97;17.0;2438.0;ja;nee;nee;;;;
3004616;30;B3;std;26;0.07.2996;2YdLoiT$D7UuTIjpfQTf2W;MK warm;OVR;Overige ruimtes;MET;Meterruimte;0.28;0.69;2438.0;nee;nee;nee;;;;
3004616;30;B3;std;26;0.07.2997;3F27rLjKL1W8ZXJznsImmp;MK koud;OVR;Overige ruimtes;MET;Meterruimte;0.28;0.69;2438.0;nee;nee;nee;;;;
3004616;30;B3;std;26;0.07.2998;0Yv3ZWK_HDkAtdARADhKPe;berging/techniek;OVR;Overige ruimtes;BER;Berging;4.54;11.06;2438.0;nee;nee;nee;;;;
3004616;30;B3;std;26;0.07.2999;1kjrHJ5k9DjRW0BbTPVUOV;woonkamer / keuken;VTK;Vertrek;WOO;Woonkamer;27.0;65.84;2438.0;ja;nee;ja;;;2100;
3004616;30;B3;std;26;0.07.3000;2XIUnxzebCXxJuk4r5vD7e;badkamer/toilet;VTK;Vertrek;BAD;Badruimte;6.04;14.73;2438.0;ja;nee;ja;;DOU,WAS,CLO;;
3004601;15;B3;hoek;27;0.07.3001;2g3OPFr257Hx3qN62WFdnA;woonkamer / keuken;VTK;Vertrek;WOO;Woonkamer;27.89;68.0;2438.0;ja;nee;ja;;;2100;
3004601;15;B3;hoek;27;0.07.3002;2z4o3gzh5Cfg38mJfDNHyH;slaapkamer 2;VTK;Vertrek;SLA;Slaapkamer;6.21;15.14;2438.0;ja;nee;ja;;;;
3004601;15;B3;hoek;27;0.07.3003;3M9mr0SW1EoROKBlt0m8EB;slaapkamer 1;VTK;Vertrek;SLA;Slaapkamer;11.18;27.25;2438.0;ja;nee;ja;;;;
3004601;15;B3;hoek;27;0.07.3004;2uPgn$tIrFUvfTNeYRZLgH;entree;VRK;Verkeersruimte;HAL;Hal;10.36;25.25;2438.0;nee;nee;nee;;;;
3004601;15;B3;hoek;27;0.07.3005;2cChvlJ159cAp4o3sG8LvX;badkamer;VTK;Vertrek;BAD;Badruimte;5.09;12.41;2438.0;ja;nee;ja;;DOU,WAS;;
3004601;15;B3;hoek;27;0.07.3006;1pjAXxN7DA594KdmoD3zM2;technische ruimte;OVR;Overige ruimtes;TEC;Technische ruimte;4.13;10.06;2438.0;nee;nee;nee;;;;
3004609;23;B3;hoek;28;0.07.3007;2DY_wGcJ9Fuuz7iHD5USC$;woonkamer / keuken;VTK;Vertrek;WOO;Woonkamer;27.89;68.0;2438.0;ja;nee;ja;;;2100;
3004609;23;B3;hoek;28;0.07.3008;3_367IArT70u91$Xkwj5fB;slaapkamer 2;VTK;Vertrek;SLA;Slaapkamer;6.21;15.14;2438.0;ja;nee;ja;;;;
3004609;23;B3;hoek;28;0.07.3009;3Y2F2120LC8vyWoSykk5h5;slaapkamer 1;VTK;Vertrek;SLA;Slaapkamer;11.18;27.25;2438.0;ja;nee;ja;;;;
3004609;23;B3;hoek;28;0.07.3010;1gpZByVdj9rfz_yl2zrqsb;entree;VRK;Verkeersruimte;HAL;Hal;10.36;25.25;2438.0;nee;nee;nee;;;;
3004609;23;B3;hoek;28;0.07.3011;1U10hb5Hf9Dh7mXaem1wIT;badkamer;VTK;Vertrek;BAD;Badruimte;5.09;12.41;2438.0;ja;nee;ja;;DOU,WAS;;
3004609;23;B3;hoek;28;0.07.3012;3Z3N$C55rF58WLYwcW$VhR;technische ruimte;OVR;Overige ruimtes;TEC;Technische ruimte;4.13;10.06;2438.0;nee;nee;nee;;;;
3004610;24;B3;hoek;29;0.07.3013;3T9Iq6UHj45Q$7DE9Ygz6c;woonkamer / keuken;VTK;Vertrek;WOO;Woonkamer;27.89;68.0;2438.0;ja;nee;ja;;;2100;
3004610;24;B3;hoek;29;0.07.3014;1Rjyu0jqX3iAFxTEiRtpOu;slaapkamer 2;VTK;Vertrek;SLA;Slaapkamer;6.21;15.14;2438.0;ja;nee;ja;;;;
3004610;24;B3;hoek;29;0.07.3015;07UQ1TxnzCSf3PtDyoaD8o;slaapkamer 1;VTK;Vertrek;SLA;Slaapkamer;11.18;27.25;2438.0;ja;nee;ja;;;;
3004610;24;B3;hoek;29;0.07.3016;3KtNqtloj87xVafKXe9IZj;entree;VRK;Verkeersruimte;HAL;Hal;10.04;24.49;2438.0;nee;nee;nee;;;;
3004610;24;B3;hoek;29;0.07.3017;1oI6I_$iz8DPiKqVgUFH7u;badkamer;VTK;Vertrek;BAD;Badruimte;5.09;12.41;2438.0;ja;nee;ja;;DOU,WAS;;
3004610;24;B3;hoek;29;0.07.3018;3fTzgrvPjBUOIfNU_JgXea;technische ruimte;OVR;Overige ruimtes;TEC;Technische ruimte;4.13;10.06;2438.0;nee;nee;nee;;;;
3004618;32;B3;hoek;30;0.07.3019;16IjWx5qf0hvlqxUuP$WOE;woonkamer / keuken;VTK;Vertrek;WOO;Woonkamer;28.03;68.35;2438.0;ja;nee;ja;;;2100;
3004618;32;B3;hoek;30;0.07.3020;1cEL$Ggxz75PLvWREkWIp1;slaapkamer 1;VTK;Vertrek;SLA;Slaapkamer;6.22;15.18;2438.0;ja;nee;ja;;;;
3004618;32;B3;hoek;30;0.07.3021;2BEmaN4L1A$vTHsyLIm5On;slaapkamer 2;VTK;Vertrek;SLA;Slaapkamer;10.81;26.35;2438.0;ja;nee;ja;;;;
3004618;32;B3;hoek;30;0.07.3022;19FNa9uR53dRknfpy29xDI;entree;VRK;Verkeersruimte;HAL;Hal;10.58;25.79;2438.0;nee;nee;nee;;;;
3004618;32;B3;hoek;30;0.07.3023;2qFIru0DL5KQEKg2IkLA7j;badkamer;VTK;Vertrek;BAD;Badruimte;5.09;12.41;2438.0;ja;nee;ja;;DOU,WAS;;
3004618;32;B3;hoek;30;0.07.3024;0kjwfbbn5E0w2NkdbmikP3;technische ruimte;OVR;Overige ruimtes;TEC;Technische ruimte;4.13;10.06;2438.0;nee;nee;nee;;;;
3004619;33;B3;hoek;31;0.07.3025;0xXd2dC0v97hAAOiHgYrQr;woonkamer / keuken;VTK;Vertrek;WOO;Woonkamer;28.03;68.35;2438.0;ja;nee;ja;;;2100;
3004619;33;B3;hoek;31;0.07.3026;18bdC3XTDCZvDk307VqzmR;slaapkamer 1;VTK;Vertrek;SLA;Slaapkamer;6.22;15.18;2438.0;ja;nee;ja;;;;
3004619;33;B3;hoek;31;0.07.3027;1UYgP37d9FXP1l3CDEztMg;slaapkamer 2;VTK;Vertrek;SLA;Slaapkamer;10.81;26.35;2438.0;ja;nee;ja;;;;
3004619;33;B3;hoek;31;0.07.3028;3znbW2dMz41xTzAUBiNP$9;entree;VRK;Verkeersruimte;HAL;Hal;10.58;25.79;2438.0;nee;nee;nee;;;;
3004619;33;B3;hoek;31;0.07.3029;1YEQuk5HP1_BlNi8hZJJEx;badkamer;VTK;Vertrek;BAD;Badruimte;5.09;12.41;2438.0;ja;nee;ja;;DOU,WAS;;
3004619;33;B3;hoek;31;0.07.3030;20y5u6v7DADg2gCHFjAHD3;technische ruimte;OVR;Overige ruimtes;TEC;Technische ruimte;4.13;10.06;2438.0;nee;nee;nee;;;;
3004617;31;B3;std;32;0.07.3047;30sgvwL1v1IgbUTKTxU2D1;slaapkamer 2;VTK;Vertrek;SLA;Slaapkamer;5.97;14.57;2438.0;ja;nee;ja;;;;
3004617;31;B3;std;32;0.07.3048;0fYYq1h9T1JvYsKrr0iWOI;slaapkamer 1;VTK;Vertrek;SLA;Slaapkamer;11.16;27.2;2438.0;ja;nee;ja;;;;
3004617;31;B3;std;32;0.07.3049;0i3odImxj24vI4L7uVcU7W;hal;VRK;Verkeersruimte;HAL;Hal;6.97;17.0;2438.0;ja;nee;nee;;;;
3004617;31;B3;std;32;0.07.3050;124_oYNyvFHQ4R6ZOjdia7;MK warm;OVR;Overige ruimtes;MET;Meterruimte;0.28;0.69;2438.0;nee;nee;nee;;;;
3004617;31;B3;std;32;0.07.3051;2XclcZtSj7Le5F6AlG5j8S;MK koud;OVR;Overige ruimtes;MET;Meterruimte;0.28;0.69;2438.0;nee;nee;nee;;;;
3004617;31;B3;std;32;0.07.3052;2ygRgHAyX8CRxu3XHiGVSa;berging/techniek;OVR;Overige ruimtes;BER;Berging;4.54;11.06;2438.0;nee;nee;nee;;;;
3004617;31;B3;std;32;0.07.3053;3tv8KnQNPCVO4umWt9EbEi;woonkamer / keuken;VTK;Vertrek;WOO;Woonkamer;27.0;65.84;2438.0;ja;nee;ja;;;2100;
3004617;31;B3;std;32;0.07.3054;28gjYhGzD1ygoSwGdl$Nmw;badkamer/toilet;VTK;Vertrek;BAD;Badruimte;6.04;14.73;2438.0;ja;nee;ja;;DOU,WAS,CLO;;
3004622;36;B2;std;0;0.07.37;02hbYdbdP7lgSYDS5Nyb9S;slaapkamer 2;VTK;Vertrek;SLA;Slaapkamer;5.97;14.57;2438.0;ja;nee;ja;;;;
3004622;36;B2;std;0;0.07.38;3fBYtDhpb9dQIr4_Yh_Ylq;slaapkamer 1;VTK;Vertrek;SLA;Slaapkamer;11.16;27.2;2438.0;ja;nee;ja;;;;
3004622;36;B2;std;0;0.07.39;3Vz1aN9ML8quSu3FmBkZG3;hal;VRK;Verkeersruimte;HAL;Hal;6.97;17.0;2438.0;ja;nee;nee;;;;
3004622;36;B2;std;0;0.07.40;0GMsU0Fi93OhW0LLRoXIzw;MK warm;OVR;Overige ruimtes;MET;Meterruimte;0.28;0.69;2438.0;nee;nee;nee;;;;
3004622;36;B2;std;0;0.07.41;00675heRb8Z8nzpBCQw3JJ;MK koud;OVR;Overige ruimtes;MET;Meterruimte;0.28;0.69;2438.0;nee;nee;nee;;;;
3004622;36;B2;std;0;0.07.42;06jAGrtpj8$OqEdTNEUCub;berging/techniek;OVR;Overige ruimtes;BER;Berging;4.54;11.06;2438.0;nee;nee;nee;;;;
3004622;36;B2;std;0;0.07.43;1D4Rb5Ss12lub_C0xJ$Kif;woonkamer / keuken;VTK;Vertrek;WOO;Woonkamer;27.0;65.84;2438.0;ja;nee;ja;;;2100;
3004622;36;B2;std;0;0.07.44;1hcAoiCVX4U8FM5VhZIOsM;badkamer/toilet;VTK;Vertrek;BAD;Badruimte;6.04;14.73;2438.0;ja;nee;ja;;DOU,WAS,CLO;;
3004623;37;B2;std;1;0.07.45;017k_R5kHFJuqYn7DvJKg4;slaapkamer 2;VTK;Vertrek;SLA;Slaapkamer;5.97;14.57;2438.0;ja;nee;ja;;;;
3004623;37;B2;std;1;0.07.46;2yTGGhoWzA8O1baEOsk0gO;slaapkamer 1;VTK;Vertrek;SLA;Slaapkamer;11.16;27.2;2438.0;ja;nee;ja;;;;
3004623;37;B2;std;1;0.07.47;0L5QKqQY1EmuqjJFHYU6Qo;hal;VRK;Verkeersruimte;HAL;Hal;6.97;17.0;2438.0;ja;nee;nee;;;;
3004623;37;B2;std;1;0.07.48;1_QilgCb1EoAD45dMJFI73;MK warm;OVR;Overige ruimtes;MET;Meterruimte;0.28;0.69;2438.0;nee;nee;nee;;;;
3004623;37;B2;std;1;0.07.49;0nJ8I3TJzCWOBXsd_gLwZw;MK koud;OVR;Overige ruimtes;MET;Meterruimte;0.28;0.69;2438.0;nee;nee;nee;;;;
3004623;37;B2;std;1;0.07.50;1ePTHZu_TDLu_lXTFAv3TS;berging/techniek;OVR;Overige ruimtes;BER;Berging;4.54;11.06;2438.0;nee;nee;nee;;;;
3004623;37;B2;std;1;0.07.51;1pPdtd39j4WgbTCZDIVfMW;woonkamer / keuken;VTK;Vertrek;WOO;Woonkamer;27.37;66.74;2438.0;ja;nee;ja;;;2100;
3004623;37;B2;std;1;0.07.52;1A2ljFX5j5igJdyiC78wk4;badkamer/toilet;VTK;Vertrek;BAD;Badruimte;6.04;14.73;2438.0;ja;nee;ja;;DOU,WAS,CLO;;
3004620;34;B2;hoek;2;0.07.101;2qnpIvGfP5ZR2HTIhzYw$K;woonkamer / keuken;VTK;Vertrek;WOO;Woonkamer;28.05;68.39;2438.0;ja;nee;ja;;;2100;
3004620;34;B2;hoek;2;0.07.102;25Z7_Rqb11hx78RhX9$r0b;slaapkamer 2;VTK;Vertrek;SLA;Slaapkamer;6.21;15.14;2438.0;ja;nee;ja;;;;
3004620;34;B2;hoek;2;0.07.103;2dMM2IysDFcvmybg1EJ_KW;slaapkamer 1;VTK;Vertrek;SLA;Slaapkamer;10.81;26.35;2438.0;ja;nee;ja;;;;
3004620;34;B2;hoek;2;0.07.104;3e0RYLEhjDDvcCfQ9fIKbj;entree;VRK;Verkeersruimte;HAL;Hal;10.58;25.79;2438.0;nee;nee;nee;;;;
3004620;34;B2;hoek;2;0.07.106;3XI8xDAof25PHZJI0bGCfc;badkamer;VTK;Vertrek;BAD;Badruimte;5.09;12.41;2438.0;ja;nee;ja;;DOU,WAS;;
3004620;34;B2;hoek;2;0.07.107;0YIqld4$D84uMJNLWTf69l;technische ruimte;OVR;Overige ruimtes;TEC;Technische ruimte;4.13;10.06;2438.0;nee;nee;nee;;;;
3004621;35;B2;hoek;3;0.07.177;381XDV_or6agu09seKpsf0;technische ruimte;OVR;Overige ruimtes;TEC;Technische ruimte;4.13;10.06;2438.0;nee;nee;nee;;;;
3004621;35;B2;hoek;3;0.07.178;1qwXg7rPfA4QLSe4uuyGKW;woonkamer / keuken;VTK;Vertrek;WOO;Woonkamer;28.04;68.38;2438.0;ja;nee;ja;;;2100;
3004621;35;B2;hoek;3;0.07.179;2r5QNSTLf2mREnQfNaf4dn;slaapkamer 2;VTK;Vertrek;SLA;Slaapkamer;6.21;15.14;2438.0;ja;nee;ja;;;;
3004621;35;B2;hoek;3;0.07.180;1jqlv0v8fCRA8u2Fu9Pd5d;slaapkamer 1;VTK;Vertrek;SLA;Slaapkamer;10.81;26.35;2438.0;ja;nee;ja;;;;
3004621;35;B2;hoek;3;0.07.181;1VNExvCp5D3v3ERC$cxVve;entree;VRK;Verkeersruimte;HAL;Hal;10.58;25.79;2438.0;nee;nee;nee;;;;
3004621;35;B2;hoek;3;0.07.183;3kxz2q5E94a8hunZ9sZUgf;badkamer;VTK;Vertrek;BAD;Badruimte;5.09;12.41;2438.0;ja;nee;ja;;DOU,WAS;;
3004624;38;B2;std;4;0.07.195;0FR7wAEJb7quAAHfQnFwlf;slaapkamer 2;VTK;Vertrek;SLA;Slaapkamer;5.97;14.57;2438.0;ja;nee;ja;;;;
3004624;38;B2;std;4;0.07.196;04MPy6pLH99x7tb4e5c$0M;slaapkamer 1;VTK;Vertrek;SLA;Slaapkamer;11.16;27.2;2438.0;ja;nee;ja;;;;
3004624;38;B2;std;4;0.07.197;0433tmHCb2e8$Zmx_7p5Fw;hal;VRK;Verkeersruimte;HAL;Hal;6.97;17.0;2438.0;ja;nee;nee;;;;
3004624;38;B2;std;4;0.07.198;2PN9xq3wHBn9D6ArIxu_nU;MK warm;OVR;Overige ruimtes;MET;Meterruimte;0.28;0.69;2438.0;nee;nee;nee;;;;
3004624;38;B2;std;4;0.07.199;2mPDQj$0X2bOD0QKpM7I3$;MK koud;OVR;Overige ruimtes;MET;Meterruimte;0.28;0.69;2438.0;nee;nee;nee;;;;
3004624;38;B2;std;4;0.07.200;0$fDXrnUf2KPjAUuFTZqcC;berging/techniek;OVR;Overige ruimtes;BER;Berging;4.54;11.06;2438.0;nee;nee;nee;;;;
3004624;38;B2;std;4;0.07.201;22mjrRCa5AZf$T24tEkI89;woonkamer / keuken;VTK;Vertrek;WOO;Woonkamer;27.0;65.84;2438.0;ja;nee;ja;;;2100;
3004624;38;B2;std;4;0.07.202;35pon4VW54hfnPHIgdFRw_;badkamer/toilet;VTK;Vertrek;BAD;Badruimte;6.04;14.73;2438.0;ja;nee;ja;;DOU,WAS,CLO;;
3004625;39;B2;std;5;0.07.203;3b8x1iwaT76u1vdfFRzshE;slaapkamer 2;VTK;Vertrek;SLA;Slaapkamer;5.97;14.57;2438.0;ja;nee;ja;;;;
3004625;39;B2;std;5;0.07.204;1k528GHsr8dQqLdQQJKD6b;slaapkamer 1;VTK;Vertrek;SLA;Slaapkamer;11.16;27.2;2438.0;ja;nee;ja;;;;
3004625;39;B2;std;5;0.07.205;2WCdxGRaLE1hX2wQOmAwOn;hal;VRK;Verkeersruimte;HAL;Hal;6.97;17.0;2438.0;ja;nee;nee;;;;
3004625;39;B2;std;5;0.07.206;1DSk3W$h19avy3FLi8_01H;MK warm;OVR;Overige ruimtes;MET;Meterruimte;0.28;0.69;2438.0;nee;nee;nee;;;;
3004625;39;B2;std;5;0.07.207;1KieWGTrb20ROTXBRzqmQc;MK koud;OVR;Overige ruimtes;MET;Meterruimte;0.28;0.69;2438.0;nee;nee;nee;;;;
3004625;39;B2;std;5;0.07.208;1wILYrJNPBAxYbqmN3Qwvy;berging/techniek;OVR;Overige ruimtes;BER;Berging;4.54;11.06;2438.0;nee;nee;nee;;;;
3004625;39;B2;std;5;0.07.209;1iLRxDqA99SOMVHBHJbDpO;woonkamer / keuken;VTK;Vertrek;WOO;Woonkamer;27.0;65.84;2438.0;ja;nee;ja;;;2100;
3004625;39;B2;std;5;0.07.210;1gYRnKseTFOQ8g6uQVcw14;badkamer/toilet;VTK;Vertrek;BAD;Badruimte;6.04;14.73;2438.0;ja;nee;ja;;DOU,WAS,CLO;;
3004628;42;B2;std;6;0.07.211;143MaS8r993fMDeBwscQXN;slaapkamer 2;VTK;Vertrek;SLA;Slaapkamer;5.97;14.57;2438.0;ja;nee;ja;;;;
3004628;42;B2;std;6;0.07.212;3WkOb3GsfCcQAPMWRKjJwf;slaapkamer 1;VTK;Vertrek;SLA;Slaapkamer;11.16;27.2;2438.0;ja;nee;ja;;;;
3004628;42;B2;std;6;0.07.213;3Wb9SM00T4rvsgHio0VUyz;hal;VRK;Verkeersruimte;HAL;Hal;6.97;17.0;2438.0;ja;nee;nee;;;;
3004628;42;B2;std;6;0.07.214;2n$cGexifDLQlb7WZQQkLM;MK warm;OVR;Overige ruimtes;MET;Meterruimte;0.28;0.69;2438.0;nee;nee;nee;;;;
3004628;42;B2;std;6;0.07.215;04VuhslaX8HfaCY0PbPsAu;MK koud;OVR;Overige ruimtes;MET;Meterruimte;0.28;0.69;2438.0;nee;nee;nee;;;;
3004628;42;B2;std;6;0.07.216;2oOgf$P5L1Awt1h7TJCH8g;berging/techniek;OVR;Overige ruimtes;BER;Berging;4.54;11.06;2438.0;nee;nee;nee;;;;
3004628;42;B2;std;6;0.07.217;2_PwKQDIbFFO$uJPgSIxsg;woonkamer / keuken;VTK;Vertrek;WOO;Woonkamer;27.0;65.84;2438.0;ja;nee;ja;;;2100;
3004628;42;B2;std;6;0.07.218;21yB8PZQTBeui2sITr25HU;badkamer/toilet;VTK;Vertrek;BAD;Badruimte;6.04;14.73;2438.0;ja;nee;ja;;DOU,WAS,CLO;;
3004629;43;B2;std;7;0.07.219;1ssQOwovL938YPd2HwLVcq;slaapkamer 2;VTK;Vertrek;SLA;Slaapkamer;5.97;14.57;2438.0;ja;nee;ja;;;;
3004629;43;B2;std;7;0.07.220;05Te7XN7n8cPRbLdpSDjpt;slaapkamer 1;VTK;Vertrek;SLA;Slaapkamer;11.16;27.2;2438.0;ja;nee;ja;;;;
3004629;43;B2;std;7;0.07.221;3mF2ftAoT4swAWfn2zQgDI;hal;VRK;Verkeersruimte;HAL;Hal;6.97;17.0;2438.0;ja;nee;nee;;;;
3004629;43;B2;std;7;0.07.222;1JOy1T0tX55u9jmoZzY6PT;MK warm;OVR;Overige ruimtes;MET;Meterruimte;0.28;0.69;2438.0;nee;nee;nee;;;;
3004629;43;B2;std;7;0.07.223;28AhEHrpX2tw_QrLRbLMYf;MK koud;OVR;Overige ruimtes;MET;Meterruimte;0.28;0.69;2438.0;nee;nee;nee;;;;
3004629;43;B2;std;7;0.07.224;3Q3z_QXCfFYvVvAhkD$1bV;berging/techniek;OVR;Overige ruimtes;BER;Berging;4.54;11.06;2438.0;nee;nee;nee;;;;
3004629;43;B2;std;7;0.07.225;3ys194Ly5AvO3NpNik$FeU;woonkamer / keuken;VTK;Vertrek;WOO;Woonkamer;27.37;66.75;2438.0;ja;nee;ja;;;2100;
3004629;43;B2;std;7;0.07.226;37525WelHAehmdTUB6yG69;badkamer/toilet;VTK;Vertrek;BAD;Badruimte;6.04;14.73;2438.0;ja;nee;ja;;DOU,WAS,CLO;;
3004630;44;B2;std;8;0.07.227;0IBphiiMbFieHppMG06lA1;slaapkamer 2;VTK;Vertrek;SLA;Slaapkamer;5.97;14.57;2438.0;ja;nee;ja;;;;
3004630;44;B2;std;8;0.07.228;1t6CoCVWb3ZAaYxG92Zv$S;slaapkamer 1;VTK;Vertrek;SLA;Slaapkamer;11.16;27.2;2438.0;ja;nee;ja;;;;
3004630;44;B2;std;8;0.07.229;0mvSx0R6P3K9cBNvJlSm1a;hal;VRK;Verkeersruimte;HAL;Hal;6.97;17.0;2438.0;ja;nee;nee;;;;
3004630;44;B2;std;8;0.07.230;0TW65knwDCb8iSR5JQI7N0;MK warm;OVR;Overige ruimtes;MET;Meterruimte;0.28;0.69;2438.0;nee;nee;nee;;;;
3004630;44;B2;std;8;0.07.231;1Cw_mi_kf4Wg1qmVdW2pPK;MK koud;OVR;Overige ruimtes;MET;Meterruimte;0.28;0.69;2438.0;nee;nee;nee;;;;
3004630;44;B2;std;8;0.07.232;1sqIo5oerFT8zL85jEUdyz;berging/techniek;OVR;Overige ruimtes;BER;Berging;4.54;11.06;2438.0;nee;nee;nee;;;;
3004630;44;B2;std;8;0.07.233;1g711uR0TAtBK6ootFcqA8;woonkamer / keuken;VTK;Vertrek;WOO;Woonkamer;27.0;65.84;2438.0;ja;nee;ja;;;2100;
3004630;44;B2;std;8;0.07.234;2Bo82Zd8P5LPcnnhE0ruK9;badkamer/toilet;VTK;Vertrek;BAD;Badruimte;6.04;14.73;2438.0;ja;nee;ja;;DOU,WAS,CLO;;
3004631;45;B2;std;9;0.07.235;3UPUW_R6L3Dv4k$QCjq7jK;slaapkamer 2;VTK;Vertrek;SLA;Slaapkamer;5.97;14.57;2438.0;ja;nee;ja;;;;
3004631;45;B2;std;9;0.07.236;0p4yz5Ieb6MAdfVnPkjiaC;slaapkamer 1;VTK;Vertrek;SLA;Slaapkamer;11.16;27.2;2438.0;ja;nee;ja;;;;
3004631;45;B2;std;9;0.07.237;01uKvCsGn1lBKmwEL9KLdy;hal;VRK;Verkeersruimte;HAL;Hal;6.97;17.0;2438.0;ja;nee;nee;;;;
3004631;45;B2;std;9;0.07.238;1XBdKwHTj2swbT3qW8y90e;MK warm;OVR;Overige ruimtes;MET;Meterruimte;0.28;0.69;2438.0;nee;nee;nee;;;;
3004631;45;B2;std;9;0.07.239;1MD4hObeT0qvltabBs$oi8;MK koud;OVR;Overige ruimtes;MET;Meterruimte;0.28;0.69;2438.0;nee;nee;nee;;;;
3004631;45;B2;std;9;0.07.240;0t2d1ldgn4CB7Lv2v8YVgn;berging/techniek;OVR;Overige ruimtes;BER;Berging;4.54;11.06;2438.0;nee;nee;nee;;;;
3004631;45;B2;std;9;0.07.241;3KEJ447i1ADgz8IeUrZm58;woonkamer / keuken;VTK;Vertrek;WOO;Woonkamer;27.0;65.84;2438.0;ja;nee;ja;;;2100;
3004631;45;B2;std;9;0.07.242;2UXheY4ar2C9HwyGibpa9R;badkamer/toilet;VTK;Vertrek;BAD;Badruimte;6.04;14.73;2438.0;ja;nee;ja;;DOU,WAS,CLO;;
3004632;46;B2;std;10;0.07.251;1V16Tw4Pr4XfKOC$f9tXXF;slaapkamer 2;VTK;Vertrek;SLA;Slaapkamer;5.97;14.57;2438.0;ja;nee;ja;;;;
3004632;46;B2;std;10;0.07.252;0R_cEKXCL9JO4cGInSSx$2;slaapkamer 1;VTK;Vertrek;SLA;Slaapkamer;11.16;27.2;2438.0;ja;nee;ja;;;;
3004632;46;B2;std;10;0.07.253;0DbXCmee97AQoBjBePyVcW;hal;VRK;Verkeersruimte;HAL;Hal;6.97;17.0;2438.0;ja;nee;nee;;;;
3004632;46;B2;std;10;0.07.254;2QZWAeMPHDAQctX$hWL6TA;MK warm;OVR;Overige ruimtes;MET;Meterruimte;0.28;0.69;2438.0;nee;nee;nee;;;;
3004632;46;B2;std;10;0.07.255;23IIcjLCj2Jhx7YzlwAA2d;MK koud;OVR;Overige ruimtes;MET;Meterruimte;0.28;0.69;2438.0;nee;nee;nee;;;;
3004632;46;B2;std;10;0.07.256;1jD1MOB3PAtQbnSrMggWcL;berging/techniek;OVR;Overige ruimtes;BER;Berging;4.54;11.06;2438.0;nee;nee;nee;;;;
3004632;46;B2;std;10;0.07.257;188xz$jJr3HvoIvw0EYzD3;woonkamer / keuken;VTK;Vertrek;WOO;Woonkamer;27.0;65.84;2438.0;ja;nee;ja;;;2100;
3004632;46;B2;std;10;0.07.258;1BqsJxOxT2Sh9IGy2PNyiX;badkamer/toilet;VTK;Vertrek;BAD;Badruimte;6.04;14.73;2438.0;ja;nee;ja;;DOU,WAS,CLO;;
3004633;47;B2;std;11;0.07.259;3t28dhhUr7TPZdfKAFpEHV;slaapkamer 2;VTK;Vertrek;SLA;Slaapkamer;5.97;14.57;2438.0;ja;nee;ja;;;;
3004633;47;B2;std;11;0.07.260;1NYbbSa3n1rw1eg9okKhS6;slaapkamer 1;VTK;Vertrek;SLA;Slaapkamer;11.16;27.2;2438.0;ja;nee;ja;;;;
3004633;47;B2;std;11;0.07.261;1_JpJ6acH0RhT$GkgFb5GG;hal;VRK;Verkeersruimte;HAL;Hal;6.97;17.0;2438.0;ja;nee;nee;;;;
3004633;47;B2;std;11;0.07.262;1xJTCpYhP1AxqzE91oRc_M;MK warm;OVR;Overige ruimtes;MET;Meterruimte;0.28;0.69;2438.0;nee;nee;nee;;;;
3004633;47;B2;std;11;0.07.263;27EgHxOiP8d8UF0nYMji1u;MK koud;OVR;Overige ruimtes;MET;Meterruimte;0.28;0.69;2438.0;nee;nee;nee;;;;
3004633;47;B2;std;11;0.07.264;3gl_l0_af9NeAC5FDEaV7D;berging/techniek;OVR;Overige ruimtes;BER;Berging;4.54;11.06;2438.0;nee;nee;nee;;;;
3004633;47;B2;std;11;0.07.265;2r9isNkz59fvwfkwJva7ZK;woonkamer / keuken;VTK;Vertrek;WOO;Woonkamer;27.0;65.84;2438.0;ja;nee;ja;;;2100;
3004633;47;B2;std;11;0.07.266;1iOaNnKwT4oh2kYko059u$;badkamer/toilet;VTK;Vertrek;BAD;Badruimte;6.04;14.73;2438.0;ja;nee;ja;;DOU,WAS,CLO;;
3004634;48;B2;std;12;0.07.267;139l1SJUL6zuEeLG8libGO;slaapkamer 2;VTK;Vertrek;SLA;Slaapkamer;5.97;14.57;2438.0;ja;nee;ja;;;;
3004634;48;B2;std;12;0.07.268;2neEU0HDD8zuul0ia740fS;slaapkamer 1;VTK;Vertrek;SLA;Slaapkamer;11.16;27.2;2438.0;ja;nee;ja;;;;
3004634;48;B2;std;12;0.07.269;2WDjFV4Lj0dxeNID3V064b;hal;VRK;Verkeersruimte;HAL;Hal;6.97;17.0;2438.0;ja;nee;nee;;;;
3004634;48;B2;std;12;0.07.270;1sCFElMLb9n9N6gypxtijZ;MK warm;OVR;Overige ruimtes;MET;Meterruimte;0.28;0.69;2438.0;nee;nee;nee;;;;
3004634;48;B2;std;12;0.07.271;33ASjkuPL0AwgSulptbPMj;MK koud;OVR;Overige ruimtes;MET;Meterruimte;0.28;0.69;2438.0;nee;nee;nee;;;;
3004634;48;B2;std;12;0.07.272;1ML9UmavL8Qf7ocvVPMF14;berging/techniek;OVR;Overige ruimtes;BER;Berging;4.54;11.06;2438.0;nee;nee;nee;;;;
3004634;48;B2;std;12;0.07.273;2lO5Yr_6PF$eJ1uEF8u9MU;woonkamer / keuken;VTK;Vertrek;WOO;Woonkamer;27.0;65.84;2438.0;ja;nee;ja;;;2100;
3004634;48;B2;std;12;0.07.274;1c5V$3fmXCkQdhUBm53aaf;badkamer/toilet;VTK;Vertrek;BAD;Badruimte;6.04;14.73;2438.0;ja;nee;ja;;DOU,WAS,CLO;;
3004637;51;B2;std;13;0.07.275;3dJod_AAv3bPO3pSIoX2mE;slaapkamer 2;VTK;Vertrek;SLA;Slaapkamer;5.97;14.57;2438.0;ja;nee;ja;;;;
3004637;51;B2;std;13;0.07.276;0yVDvncMzEEAqlXJU4N6pG;slaapkamer 1;VTK;Vertrek;SLA;Slaapkamer;11.16;27.2;2438.0;ja;nee;ja;;;;
3004637;51;B2;std;13;0.07.277;3ORzRa7KLCwwZk1Awl79oe;hal;VRK;Verkeersruimte;HAL;Hal;6.97;17.0;2438.0;ja;nee;nee;;;;
3004637;51;B2;std;13;0.07.278;33sQtJnzb32xBRFhkop$kN;MK warm;OVR;Overige ruimtes;MET;Meterruimte;0.28;0.69;2438.0;nee;nee;nee;;;;
3004637;51;B2;std;13;0.07.279;2pLpk1jmXBtBEplXkkocUg;MK koud;OVR;Overige ruimtes;MET;Meterruimte;0.28;0.69;2438.0;nee;nee;nee;;;;
3004637;51;B2;std;13;0.07.280;2vbjhvnJX9ZAeiVYett0zi;berging/techniek;OVR;Overige ruimtes;BER;Berging;4.54;11.06;2438.0;nee;nee;nee;;;;
3004637;51;B2;std;13;0.07.281;187xeYo6jCdANBsbqlb829;woonkamer / keuken;VTK;Vertrek;WOO;Woonkamer;27.37;66.75;2438.0;ja;nee;ja;;;2100;
3004637;51;B2;std;13;0.07.282;2mcyb4XM5BA9F9$xoMC1jm;badkamer/toilet;VTK;Vertrek;BAD;Badruimte;6.04;14.73;2438.0;ja;nee;ja;;DOU,WAS,CLO;;
3004638;52;B2;std;14;0.07.283;0cq$fKzM9CtQw0qR7xNzr9;slaapkamer 2;VTK;Vertrek;SLA;Slaapkamer;5.97;14.57;2438.0;ja;nee;ja;;;;
3004638;52;B2;std;14;0.07.284;0MK__doZjA49oCGV1iEItf;slaapkamer 1;VTK;Vertrek;SLA;Slaapkamer;11.16;27.2;2438.0;ja;nee;ja;;;;
3004638;52;B2;std;14;0.07.285;1TUY9bvMz34fmX3BzZNjET;hal;VRK;Verkeersruimte;HAL;Hal;6.97;17.0;2438.0;ja;nee;nee;;;;
3004638;52;B2;std;14;0.07.286;0nIqpk32X10OXm6x7XW0pm;MK warm;OVR;Overige ruimtes;MET;Meterruimte;0.28;0.69;2438.0;nee;nee;nee;;;;
3004638;52;B2;std;14;0.07.287;1AcGkcdd53wur10EkYdqOw;MK koud;OVR;Overige ruimtes;MET;Meterruimte;0.28;0.69;2438.0;nee;nee;nee;;;;
3004638;52;B2;std;14;0.07.288;0VAMnWfUH8DRf3JU7n19Es;berging/techniek;OVR;Overige ruimtes;BER;Berging;4.54;11.06;2438.0;nee;nee;nee;;;;
3004638;52;B2;std;14;0.07.289;3uWjEGv2v7zw22Uc0ukiRX;woonkamer / keuken;VTK;Vertrek;WOO;Woonkamer;27.0;65.84;2438.0;ja;nee;ja;;;2100;
3004638;52;B2;std;14;0.07.290;3TFJMU86b2rOG3Kqoxjul4;badkamer/toilet;VTK;Vertrek;BAD;Badruimte;6.04;14.73;2438.0;ja;nee;ja;;DOU,WAS,CLO;;
3004639;53;B2;std;15;0.07.291;232o2HwBf2Cgzio4UsSDwu;slaapkamer 2;VTK;Vertrek;SLA;Slaapkamer;5.97;14.57;2438.0;ja;nee;ja;;;;
3004639;53;B2;std;15;0.07.292;2Dui9UMsrChQPPmmvPFUBy;slaapkamer 1;VTK;Vertrek;SLA;Slaapkamer;11.16;27.2;2438.0;ja;nee;ja;;;;
3004639;53;B2;std;15;0.07.293;0WsMnWvsnBagDJR96aG4ID;hal;VRK;Verkeersruimte;HAL;Hal;6.97;17.0;2438.0;ja;nee;nee;;;;
3004639;53;B2;std;15;0.07.294;25g5zhvHT1rB_ieg0gCK6W;MK warm;OVR;Overige ruimtes;MET;Meterruimte;0.28;0.69;2438.0;nee;nee;nee;;;;
3004639;53;B2;std;15;0.07.295;1CdtgTF3nEEv734g6eKXpu;MK koud;OVR;Overige ruimtes;MET;Meterruimte;0.28;0.69;2438.0;nee;nee;nee;;;;
3004639;53;B2;std;15;0.07.296;1TToNYow55iBW97fC9P9jR;berging/techniek;OVR;Overige ruimtes;BER;Berging;4.54;11.06;2438.0;nee;nee;nee;;;;
3004639;53;B2;std;15;0.07.297;110XQNsS96mA3GXVlfqveo;woonkamer / keuken;VTK;Vertrek;WOO;Woonkamer;27.0;65.84;2438.0;ja;nee;ja;;;2100;
3004639;53;B2;std;15;0.07.298;1PqVj56_j6r8Yjjy6tn58P;badkamer/toilet;VTK;Vertrek;BAD;Badruimte;6.04;14.73;2438.0;ja;nee;ja;;DOU,WAS,CLO;;
3004640;54;B2;std;16;0.07.299;1F9DbkeuLAgQHZ0vB6xbhI;slaapkamer 2;VTK;Vertrek;SLA;Slaapkamer;5.97;14.57;2438.0;ja;nee;ja;;;;
3004640;54;B2;std;16;0.07.300;2dgiAxScrB_xIUKcdq2sHh;slaapkamer 1;VTK;Vertrek;SLA;Slaapkamer;11.16;27.2;2438.0;ja;nee;ja;;;;
3004640;54;B2;std;16;0.07.301;3FSq1g28n2D8NsfRdNKRaQ;hal;VRK;Verkeersruimte;HAL;Hal;6.97;17.0;2438.0;ja;nee;nee;;;;
3004640;54;B2;std;16;0.07.302;0DlXBia$b3Q9oyC0ZiX_mR;MK warm;OVR;Overige ruimtes;MET;Meterruimte;0.28;0.69;2438.0;nee;nee;nee;;;;
3004640;54;B2;std;16;0.07.303;1LDHUCzzbC9wVTRvd5Hw50;MK koud;OVR;Overige ruimtes;MET;Meterruimte;0.28;0.69;2438.0;nee;nee;nee;;;;
3004640;54;B2;std;16;0.07.304;3rJHaVUbTEKBSzdUSAa8bf;berging/techniek;OVR;Overige ruimtes;BER;Berging;4.54;11.06;2438.0;nee;nee;nee;;;;
3004640;54;B2;std;16;0.07.305;2jo27oMT18JxH$qrC2rHQq;woonkamer / keuken;VTK;Vertrek;WOO;Woonkamer;27.0;65.84;2438.0;ja;nee;ja;;;2100;
3004640;54;B2;std;16;0.07.306;1d4ykTmaTEuBkmno45zFOX;badkamer/toilet;VTK;Vertrek;BAD;Badruimte;6.04;14.73;2438.0;ja;nee;ja;;DOU,WAS,CLO;;
3004641;55;B2;std;17;0.07.307;1cwC$kCafCFOQHoy1qkLE_;slaapkamer 2;VTK;Vertrek;SLA;Slaapkamer;5.97;14.57;2438.0;ja;nee;ja;;;;
3004641;55;B2;std;17;0.07.308;2KOSi1Fjn7fRV$Rva0jWJK;slaapkamer 1;VTK;Vertrek;SLA;Slaapkamer;11.16;27.2;2438.0;ja;nee;ja;;;;
3004641;55;B2;std;17;0.07.309;2bdPZvR314exShXRfwJpgl;hal;VRK;Verkeersruimte;HAL;Hal;6.97;17.0;2438.0;ja;nee;nee;;;;
3004641;55;B2;std;17;0.07.310;3WD7XLnbr02uyzcbC$0mGJ;MK warm;OVR;Overige ruimtes;MET;Meterruimte;0.28;0.69;2438.0;nee;nee;nee;;;;
3004641;55;B2;std;17;0.07.311;1rN9S5Oi91KP9SVRwKTP4T;MK koud;OVR;Overige ruimtes;MET;Meterruimte;0.28;0.69;2438.0;nee;nee;nee;;;;
3004641;55;B2;std;17;0.07.312;2F3bf9ITz8I9qcVghEBcau;berging/techniek;OVR;Overige ruimtes;BER;Berging;4.54;11.06;2438.0;nee;nee;nee;;;;
3004641;55;B2;std;17;0.07.313;3og_utq0vBKfciHqkNuBL0;woonkamer / keuken;VTK;Vertrek;WOO;Woonkamer;27.37;66.75;2438.0;ja;nee;ja;;;2100;
3004641;55;B2;std;17;0.07.314;3LNLlMewj2NBOL7Yq41A$a;badkamer/toilet;VTK;Vertrek;BAD;Badruimte;6.04;14.73;2438.0;ja;nee;ja;;DOU,WAS,CLO;;
3004642;56;B2;std;18;0.07.315;0W4usKRJTAvutGbnq9tee6;slaapkamer 2;VTK;Vertrek;SLA;Slaapkamer;5.97;14.57;2438.0;ja;nee;ja;;;;
3004642;56;B2;std;18;0.07.316;1UAQJ$kUfFxQ7dpsNC21XU;slaapkamer 1;VTK;Vertrek;SLA;Slaapkamer;11.16;27.2;2438.0;ja;nee;ja;;;;
3004642;56;B2;std;18;0.07.317;3DWzN6z41DAAtvbVR_$SxQ;hal;VRK;Verkeersruimte;HAL;Hal;6.97;17.0;2438.0;ja;nee;nee;;;;
3004642;56;B2;std;18;0.07.318;0R1XuAQhb5DRn5Zx$TlIzz;MK warm;OVR;Overige ruimtes;MET;Meterruimte;0.28;0.69;2438.0;nee;nee;nee;;;;
3004642;56;B2;std;18;0.07.319;2cup6$qFD0KQc2iongnmho;MK koud;OVR;Overige ruimtes;MET;Meterruimte;0.28;0.69;2438.0;nee;nee;nee;;;;
3004642;56;B2;std;18;0.07.320;2e60xsyGv1tQMQjsgPlIlq;berging/techniek;OVR;Overige ruimtes;BER;Berging;4.54;11.06;2438.0;nee;nee;nee;;;;
3004642;56;B2;std;18;0.07.321;0QFe9YEcPDI81vI2ljlu0b;woonkamer / keuken;VTK;Vertrek;WOO;Woonkamer;27.0;65.84;2438.0;ja;nee;ja;;;2100;
3004642;56;B2;std;18;0.07.322;3BquIOiOv1SuhIzCTXnYAl;badkamer/toilet;VTK;Vertrek;BAD;Badruimte;6.04;14.73;2438.0;ja;nee;ja;;DOU,WAS,CLO;;
3004643;57;B2;std;19;0.07.323;0Yxbt61WH3DQdhaidrNrDn;slaapkamer 2;VTK;Vertrek;SLA;Slaapkamer;5.97;14.57;2438.0;ja;nee;ja;;;;
3004643;57;B2;std;19;0.07.324;2AL7wBivbCneVImtYw8t6_;slaapkamer 1;VTK;Vertrek;SLA;Slaapkamer;11.16;27.2;2438.0;ja;nee;ja;;;;
3004643;57;B2;std;19;0.07.325;2vxqZdeO1AvwClpjs2oe6Q;hal;VRK;Verkeersruimte;HAL;Hal;6.97;17.0;2438.0;ja;nee;nee;;;;
3004643;57;B2;std;19;0.07.326;0Jdh6dKbX9UApuuypKHum5;MK warm;OVR;Overige ruimtes;MET;Meterruimte;0.28;0.69;2438.0;nee;nee;nee;;;;
3004643;57;B2;std;19;0.07.327;3scUAJ4$96mfCcEA27lrhr;MK koud;OVR;Overige ruimtes;MET;Meterruimte;0.28;0.69;2438.0;nee;nee;nee;;;;
3004643;57;B2;std;19;0.07.328;3G_2C313PA3hqAdT8sZy2g;berging/techniek;OVR;Overige ruimtes;BER;Berging;4.54;11.06;2438.0;nee;nee;nee;;;;
3004643;57;B2;std;19;0.07.329;02Vidz2$9AXOXT1lIEp1XD;woonkamer / keuken;VTK;Vertrek;WOO;Woonkamer;27.0;65.84;2438.0;ja;nee;ja;;;2100;
3004643;57;B2;std;19;0.07.330;0aSrqhbq573xkvFC9bHEKU;badkamer/toilet;VTK;Vertrek;BAD;Badruimte;6.04;14.73;2438.0;ja;nee;ja;;DOU,WAS,CLO;;
3004646;60;B2;std;20;0.07.331;239aele2v9SPItPCLGx3gN;slaapkamer 2;VTK;Vertrek;SLA;Slaapkamer;5.97;14.57;2438.0;ja;nee;ja;;;;
3004646;60;B2;std;20;0.07.332;29wddjB$X7AevvwrXT_92z;slaapkamer 1;VTK;Vertrek;SLA;Slaapkamer;11.16;27.2;2438.0;ja;nee;ja;;;;
3004646;60;B2;std;20;0.07.333;3xm8SdncP3BARXvEJpvWHh;hal;VRK;Verkeersruimte;HAL;Hal;6.97;17.0;2438.0;ja;nee;nee;;;;
3004646;60;B2;std;20;0.07.334;38FCwzefr6r8EIhqsh9QF0;MK warm;OVR;Overige ruimtes;MET;Meterruimte;0.28;0.69;2438.0;nee;nee;nee;;;;
3004646;60;B2;std;20;0.07.335;3S_uBusevFkB1NHrw0nHqF;MK koud;OVR;Overige ruimtes;MET;Meterruimte;0.28;0.69;2438.0;nee;nee;nee;;;;
3004646;60;B2;std;20;0.07.336;3IrXVERAf729qelaeabkGc;berging/techniek;OVR;Overige ruimtes;BER;Berging;4.54;11.06;2438.0;nee;nee;nee;;;;
3004646;60;B2;std;20;0.07.337;26kdHMkBz2gQrfQ9ul9DJt;woonkamer / keuken;VTK;Vertrek;WOO;Woonkamer;27.0;65.84;2438.0;ja;nee;ja;;;2100;
3004646;60;B2;std;20;0.07.338;3KssjTWd1A5BeEZw18Zz7d;badkamer/toilet;VTK;Vertrek;BAD;Badruimte;6.04;14.73;2438.0;ja;nee;ja;;DOU,WAS,CLO;;
3004647;61;B2;std;21;0.07.339;2k7eK1eW98p86s3jtvwu4X;slaapkamer 2;VTK;Vertrek;SLA;Slaapkamer;5.97;14.57;2438.0;ja;nee;ja;;;;
3004647;61;B2;std;21;0.07.340;1LXNlsbJP1lP3K007uas78;slaapkamer 1;VTK;Vertrek;SLA;Slaapkamer;11.16;27.2;2438.0;ja;nee;ja;;;;
3004647;61;B2;std;21;0.07.341;33ynwpTivA0vpqX2aANrp9;hal;VRK;Verkeersruimte;HAL;Hal;6.97;17.0;2438.0;ja;nee;nee;;;;
3004647;61;B2;std;21;0.07.342;1fMO6NQEH2KfHiSmeYs9fR;MK warm;OVR;Overige ruimtes;MET;Meterruimte;0.28;0.69;2438.0;nee;nee;nee;;;;
3004647;61;B2;std;21;0.07.343;3Ckz6Zv0fDtAU1dLumPVEL;MK koud;OVR;Overige ruimtes;MET;Meterruimte;0.28;0.69;2438.0;nee;nee;nee;;;;
3004647;61;B2;std;21;0.07.344;2akzWYNuH5wBvqQ6Ei4raJ;berging/techniek;OVR;Overige ruimtes;BER;Berging;4.54;11.06;2438.0;nee;nee;nee;;;;
3004647;61;B2;std;21;0.07.345;1Gj46a21X7ygZS8e36Gj9o;woonkamer / keuken;VTK;Vertrek;WOO;Woonkamer;27.0;65.84;2438.0;ja;nee;ja;;;2100;
3004647;61;B2;std;21;0.07.346;24k3ETmD59xRLtPuuRNk3J;badkamer/toilet;VTK;Vertrek;BAD;Badruimte;6.04;14.73;2438.0;ja;nee;ja;;DOU,WAS,CLO;;
3004648;62;B2;std;22;0.07.347;0F6rnl49HFm91O9nNmOJ1C;slaapkamer 2;VTK;Vertrek;SLA;Slaapkamer;5.97;14.57;2438.0;ja;nee;ja;;;;
3004648;62;B2;std;22;0.07.348;0CVJJ6Slv02QFq$UBVL5gI;slaapkamer 1;VTK;Vertrek;SLA;Slaapkamer;11.16;27.2;2438.0;ja;nee;ja;;;;
3004648;62;B2;std;22;0.07.349;2TDhnPWOHDDhfDfqClRlKF;hal;VRK;Verkeersruimte;HAL;Hal;6.97;17.0;2438.0;ja;nee;nee;;;;
3004648;62;B2;std;22;0.07.350;3JDYuikxXAGxcE$O$ZM7qF;MK warm;OVR;Overige ruimtes;MET;Meterruimte;0.28;0.69;2438.0;nee;nee;nee;;;;
3004648;62;B2;std;22;0.07.351;1dRlOp7vz21f5Ske_iaGKB;MK koud;OVR;Overige ruimtes;MET;Meterruimte;0.28;0.69;2438.0;nee;nee;nee;;;;
3004648;62;B2;std;22;0.07.352;3sgmKAyiXCcBxpL22bOuIt;berging/techniek;OVR;Overige ruimtes;BER;Berging;4.54;11.06;2438.0;nee;nee;nee;;;;
3004648;62;B2;std;22;0.07.353;1Xf_$rl0rFawkcHrcAmVVm;woonkamer / keuken;VTK;Vertrek;WOO;Woonkamer;27.0;65.84;2438.0;ja;nee;ja;;;2100;
3004648;62;B2;std;22;0.07.354;2qixE7FY5B2BlNquk3nSQc;badkamer/toilet;VTK;Vertrek;BAD;Badruimte;6.04;14.73;2438.0;ja;nee;ja;;DOU,WAS,CLO;;
3004649;63;B2;std;23;0.07.355;1thHICmuD0ZRZoOK1_m2Op;slaapkamer 2;VTK;Vertrek;SLA;Slaapkamer;5.97;14.57;2438.0;ja;nee;ja;;;;
3004649;63;B2;std;23;0.07.356;0noELZ5sTA8Pj9mue2M$lz;slaapkamer 1;VTK;Vertrek;SLA;Slaapkamer;11.16;27.2;2438.0;ja;nee;ja;;;;
3004649;63;B2;std;23;0.07.357;3QDkFHlIjAEOWgLJWx3FIs;hal;VRK;Verkeersruimte;HAL;Hal;6.97;17.0;2438.0;ja;nee;nee;;;;
3004649;63;B2;std;23;0.07.358;1OLyu8k4LBJx7w9QSy1mTg;MK warm;OVR;Overige ruimtes;MET;Meterruimte;0.28;0.69;2438.0;nee;nee;nee;;;;
3004649;63;B2;std;23;0.07.359;2vP8Upuq12bPAYYvWExeZe;MK koud;OVR;Overige ruimtes;MET;Meterruimte;0.28;0.69;2438.0;nee;nee;nee;;;;
3004649;63;B2;std;23;0.07.360;17trcMOa59pvr8FapXPJC$;berging/techniek;OVR;Overige ruimtes;BER;Berging;4.54;11.06;2438.0;nee;nee;nee;;;;
3004649;63;B2;std;23;0.07.361;3m1mYku0P8XAEyrE0dLor6;woonkamer / keuken;VTK;Vertrek;WOO;Woonkamer;27.0;65.84;2438.0;ja;nee;ja;;;2100;
3004649;63;B2;std;23;0.07.362;2bUL$CKzf4n8r2Pf9r_mZR;badkamer/toilet;VTK;Vertrek;BAD;Badruimte;6.04;14.73;2438.0;ja;nee;ja;;DOU,WAS,CLO;;
3004650;64;B2;std;24;0.07.363;0mpQZI1UXCCw10D_2ZnMRZ;slaapkamer 2;VTK;Vertrek;SLA;Slaapkamer;5.97;14.57;2438.0;ja;nee;ja;;;;
3004650;64;B2;std;24;0.07.364;35iWEA$Yb95ugX918FMt5w;slaapkamer 1;VTK;Vertrek;SLA;Slaapkamer;11.15;27.2;2438.0;ja;nee;ja;;;;
3004650;64;B2;std;24;0.07.365;3xxpjRBTj1_gsDH8CTQ$jx;hal;VRK;Verkeersruimte;HAL;Hal;6.97;17.0;2438.0;ja;nee;nee;;;;
3004650;64;B2;std;24;0.07.366;1hAlWQY_v53RaGXQm9aK9o;MK warm;OVR;Overige ruimtes;MET;Meterruimte;0.28;0.69;2438.0;nee;nee;nee;;;;
3004650;64;B2;std;24;0.07.367;2m7UZPSvX0MQS6dBtvcQhH;MK koud;OVR;Overige ruimtes;MET;Meterruimte;0.28;0.69;2438.0;nee;nee;nee;;;;
3004650;64;B2;std;24;0.07.368;0tzXYlyiD3QwgOgnuRMQft;berging/techniek;OVR;Overige ruimtes;BER;Berging;4.54;11.06;2438.0;nee;nee;nee;;;;
3004650;64;B2;std;24;0.07.369;0SwzXKFlr7kRUEGdqYiWTf;woonkamer / keuken;VTK;Vertrek;WOO;Woonkamer;27.0;65.84;2438.0;ja;nee;ja;;;2100;
3004650;64;B2;std;24;0.07.370;0s2eMuHsT7iPUaE3bFfGbr;badkamer/toilet;VTK;Vertrek;BAD;Badruimte;6.04;14.73;2438.0;ja;nee;ja;;DOU,WAS,CLO;;
3004651;65;B2;std;25;0.07.371;38QiZVozX74gG7fgmikBtr;slaapkamer 2;VTK;Vertrek;SLA;Slaapkamer;5.97;14.57;2438.0;ja;nee;ja;;;;
3004651;65;B2;std;25;0.07.372;3mWbnUvzX8Y9KXN88zbOp4;slaapkamer 1;VTK;Vertrek;SLA;Slaapkamer;11.15;27.2;2438.0;ja;nee;ja;;;;
3004651;65;B2;std;25;0.07.373;2LGAOrxc5DNeVpg_wi4hzc;hal;VRK;Verkeersruimte;HAL;Hal;6.97;17.0;2438.0;ja;nee;nee;;;;
3004651;65;B2;std;25;0.07.374;1AlrzpCFb5cecM93NkZikm;MK warm;OVR;Overige ruimtes;MET;Meterruimte;0.28;0.69;2438.0;nee;nee;nee;;;;
3004651;65;B2;std;25;0.07.375;0Sxxzt9OPDVxCRVWoiS6eo;MK koud;OVR;Overige ruimtes;MET;Meterruimte;0.28;0.69;2438.0;nee;nee;nee;;;;
3004651;65;B2;std;25;0.07.376;0FIgbSo0b6ChZ0ZjkHBKpD;berging/techniek;OVR;Overige ruimtes;BER;Berging;4.54;11.06;2438.0;nee;nee;nee;;;;
3004651;65;B2;std;25;0.07.377;0M7z5$I$DD4RG$X8BY0KnP;woonkamer / keuken;VTK;Vertrek;WOO;Woonkamer;27.0;65.84;2438.0;ja;nee;ja;;;2100;
3004651;65;B2;std;25;0.07.378;20x6OEI8z4uPJOGVTGfJJ5;badkamer/toilet;VTK;Vertrek;BAD;Badruimte;6.04;14.73;2438.0;ja;nee;ja;;DOU,WAS,CLO;;
3004652;66;B2;std;26;0.07.379;3QYqiaaZ19Zh_wzR86wKYA;slaapkamer 2;VTK;Vertrek;SLA;Slaapkamer;5.97;14.57;2438.0;ja;nee;ja;;;;
3004652;66;B2;std;26;0.07.380;1TdlBbZlXAtBq1CPPTA4Lc;slaapkamer 1;VTK;Vertrek;SLA;Slaapkamer;11.15;27.2;2438.0;ja;nee;ja;;;;
3004652;66;B2;std;26;0.07.381;3z6rQf8mDELxu$M2izKrBO;hal;VRK;Verkeersruimte;HAL;Hal;6.97;17.0;2438.0;ja;nee;nee;;;;
3004652;66;B2;std;26;0.07.382;1eqksswz92S88ai$hQZ5ln;MK warm;OVR;Overige ruimtes;MET;Meterruimte;0.28;0.69;2438.0;nee;nee;nee;;;;
3004652;66;B2;std;26;0.07.383;1BB8ubcMnDvuI0kg6UBW6Y;MK koud;OVR;Overige ruimtes;MET;Meterruimte;0.28;0.69;2438.0;nee;nee;nee;;;;
3004652;66;B2;std;26;0.07.384;3ORCWLF$b3lODNw$xotHNw;berging/techniek;OVR;Overige ruimtes;BER;Berging;4.54;11.06;2438.0;nee;nee;nee;;;;
3004652;66;B2;std;26;0.07.385;0oTFKrd1b4$h2qEN4561Oq;woonkamer / keuken;VTK;Vertrek;WOO;Woonkamer;27.0;65.84;2438.0;ja;nee;ja;;;2100;
3004652;66;B2;std;26;0.07.386;1ItExyzYL9Pezr0NZnRkpn;badkamer/toilet;VTK;Vertrek;BAD;Badruimte;6.04;14.73;2438.0;ja;nee;ja;;DOU,WAS,CLO;;
3004626;40;B2;hoek;27;0.07.387;2zMqQeJXjEbQjVJ$Nurxpl;slaapkamer 2;VTK;Vertrek;SLA;Slaapkamer;6.21;15.15;2438.0;ja;nee;ja;;;;
3004626;40;B2;hoek;27;0.07.388;3jVStayWLEmebYiRutudWK;slaapkamer 1;VTK;Vertrek;SLA;Slaapkamer;11.18;27.25;2438.0;ja;nee;ja;;;;
3004626;40;B2;hoek;27;0.07.389;1H4lLfoJ51YAbi7C7152hh;entree;VRK;Verkeersruimte;HAL;Hal;10.36;25.25;2438.0;nee;nee;nee;;;;
3004626;40;B2;hoek;27;0.07.390;1CrPldsHL7Sx4Gf3OiS3c3;badkamer;VTK;Vertrek;BAD;Badruimte;5.09;12.41;2438.0;ja;nee;ja;;DOU,WAS;;
3004626;40;B2;hoek;27;0.07.391;0HlHn7n2r32wd9h13QUQLs;technische ruimte;OVR;Overige ruimtes;TEC;Technische ruimte;4.13;10.06;2438.0;nee;nee;nee;;;;
3004626;40;B2;hoek;27;0.07.393;2VvQuWxP13Wwip9mTWgdmC;woonkamer / keuken;VTK;Vertrek;WOO;Woonkamer;27.88;67.98;2438.0;ja;nee;ja;;;2100;
3004627;41;B2;hoek;28;0.07.394;1lDvx9Fyf1BR3MjiX8p$m3;slaapkamer 2;VTK;Vertrek;SLA;Slaapkamer;6.21;15.15;2438.0;ja;nee;ja;;;;
3004627;41;B2;hoek;28;0.07.395;14O4JRia5C2gCAuDNeJiVX;slaapkamer 1;VTK;Vertrek;SLA;Slaapkamer;11.18;27.25;2438.0;ja;nee;ja;;;;
3004627;41;B2;hoek;28;0.07.396;0QTXWTleX0rx0FVrXg1akH;entree;VRK;Verkeersruimte;HAL;Hal;10.36;25.25;2438.0;nee;nee;nee;;;;
3004627;41;B2;hoek;28;0.07.397;0_AVoRs2T12BVHUPV7UUhl;badkamer;VTK;Vertrek;BAD;Badruimte;5.09;12.41;2438.0;ja;nee;ja;;DOU,WAS;;
3004627;41;B2;hoek;28;0.07.398;1d9PVkhUXEgQ7www8e9f1M;technische ruimte;OVR;Overige ruimtes;TEC;Technische ruimte;4.13;10.06;2438.0;nee;nee;nee;;;;
3004627;41;B2;hoek;28;0.07.400;3AqeIzXLTCu80Wpem162Xp;woonkamer / keuken;VTK;Vertrek;WOO;Woonkamer;27.88;67.98;2438.0;ja;nee;ja;;;2100;
3004635;49;B2;hoek;29;0.07.156;2TjBETwqr4uQv9bNcZouhY;woonkamer / keuken;VTK;Vertrek;WOO;Woonkamer;28.04;68.38;2438.0;ja;nee;ja;;;2100;
3004635;49;B2;hoek;29;0.07.173;2L6W34Qm1FpRo0GE1HCVCV;slaapkamer 1;VTK;Vertrek;SLA;Slaapkamer;10.81;26.35;2438.0;ja;nee;ja;;;;
3004635;49;B2;hoek;29;0.07.161;0mkmGAtGn8SRljrPgdQm0i;slaapkamer 2;VTK;Vertrek;SLA;Slaapkamer;6.21;15.14;2438.0;ja;nee;ja;;;;
3004635;49;B2;hoek;29;0.07.174;15Ksl17R11hBhqJSjFBvZU;entree;VRK;Verkeersruimte;HAL;Hal;10.58;25.79;2438.0;nee;nee;nee;;;;
3004635;49;B2;hoek;29;0.07.166;36$jEjTVb4YeRd$7e4CYzS;badkamer;VTK;Vertrek;BAD;Badruimte;5.09;12.41;2438.0;ja;nee;ja;;DOU,WAS;;
3004635;49;B2;hoek;29;0.07.167;2KjPEPxOT6Z9ssmll1zLzn;technische ruimte;OVR;Overige ruimtes;TEC;Technische ruimte;4.13;10.06;2438.0;nee;nee;nee;;;;
3004636;50;B2;hoek;30;0.07.157;3_0yGs1ELE39Acv6F0DpWF;woonkamer / keuken;VTK;Vertrek;WOO;Woonkamer;27.88;67.98;2438.0;ja;nee;ja;;;2100;
3004636;50;B2;hoek;30;0.07.402;01RiLNpzj09RcMi4C7nMc9;slaapkamer 1;VTK;Vertrek;SLA;Slaapkamer;11.18;27.25;2438.0;ja;nee;ja;;;;
3004636;50;B2;hoek;30;0.07.172;1QvoRWySvEo8R$eF4IkV9t;slaapkamer 2;VTK;Vertrek;SLA;Slaapkamer;6.21;15.14;2438.0;ja;nee;ja;;;;
3004636;50;B2;hoek;30;0.07.403;19vhHsEaz0SOtNkFj5yjfM;entree;VRK;Verkeersruimte;HAL;Hal;10.36;25.25;2438.0;nee;nee;nee;;;;
3004636;50;B2;hoek;30;0.07.176;0lF7FZunTFHQKqVA5WZuzW;badkamer;VTK;Vertrek;BAD;Badruimte;5.09;12.41;2438.0;ja;nee;ja;;DOU,WAS;;
3004636;50;B2;hoek;30;0.07.163;0rosE$EKD8UfQdlnbF$Lla;technische ruimte;OVR;Overige ruimtes;TEC;Technische ruimte;4.13;10.06;2438.0;nee;nee;nee;;;;
3004644;58;B2;hoek;31;0.07.171;2VwHcuJUn7pRC5wls5LPOH;woonkamer / keuken;VTK;Vertrek;WOO;Woonkamer;28.04;68.38;2438.0;ja;nee;ja;;;2100;
3004644;58;B2;hoek;31;0.07.164;1nS4wQEzHD7RdY9jWFmCZp;slaapkamer 1;VTK;Vertrek;SLA;Slaapkamer;10.81;26.35;2438.0;ja;nee;ja;;;;
3004644;58;B2;hoek;31;0.07.158;3ixugnSOP79hImu4kWFDmS;slaapkamer 2;VTK;Vertrek;SLA;Slaapkamer;6.21;15.15;2438.0;ja;nee;ja;;;;
3004644;58;B2;hoek;31;0.07.165;1YmJTpc5fCExFBUdE$kyOs;entree;VRK;Verkeersruimte;HAL;Hal;10.58;25.79;2438.0;nee;nee;nee;;;;
3004644;58;B2;hoek;31;0.07.162;21eWgox7TCNwtGygZJqLK8;badkamer;VTK;Vertrek;BAD;Badruimte;5.09;12.41;2438.0;ja;nee;ja;;DOU,WAS;;
3004644;58;B2;hoek;31;0.07.405;0Box5R1VDD8OYFrSkpDg0K;technische ruimte;OVR;Overige ruimtes;TEC;Technische ruimte;4.13;10.06;2438.0;nee;nee;nee;;;;
3004645;59;B2;hoek;32;0.07.175;317vUcvu1CIvXQMXK84fT$;woonkamer / keuken;VTK;Vertrek;WOO;Woonkamer;27.88;67.98;2438.0;ja;nee;ja;;;2100;
3004645;59;B2;hoek;32;0.07.159;2deBhU6Z12CwRl$DRdznOl;slaapkamer 1;VTK;Vertrek;SLA;Slaapkamer;11.18;27.25;2438.0;ja;nee;ja;;;;
3004645;59;B2;hoek;32;0.07.401;11HpoZAwz6eQAD78dGcjm8;slaapkamer 2;VTK;Vertrek;SLA;Slaapkamer;6.21;15.15;2438.0;ja;nee;ja;;;;
3004645;59;B2;hoek;32;0.07.160;3VTwNgefv9KulaoZOayiyZ;entree;VRK;Verkeersruimte;HAL;Hal;10.36;25.25;2438.0;nee;nee;nee;;;;
3004645;59;B2;hoek;32;0.07.404;2FCFz2Hzj0Sx9d_VdeYUjJ;badkamer;VTK;Vertrek;BAD;Badruimte;5.09;12.41;2438.0;ja;nee;ja;;DOU,WAS;;
